sample	name	snp_id	snp_pos	dis	is_common
B10	ENSG00000173660,UQCRH,ENST00000311672,ENST00000496387	rs41292543	chr1:46309111	16	True
B10	ENSG00000116752,BCAS2,ENST00000369541,ENST00000485021	rs62621917	chr1:114581582	177	True
B10	ENSG00000143384,MCL1,ENST00000369026,ENST00000464132	rs148874038	chr1:150577373	118	True
B10	ENSG00000143337,TOR1AIP1,ENST00000528443,ESPRESSO:chr1:245:37485	rs17279712	chr1:179908645	28	True
B10	ENSG00000143815,LBR,ESPRESSO:chr1:245:35423,ESPRESSO:chr1:245:35425	rs1056608	chr1:225422182	190	True
B10	ENSG00000054267,ARID4B,ESPRESSO:chr1:245:28321,ESPRESSO:chr1:245:39091	rs12731746	chr1:235229231	0	True
B10	ENSG00000086619,ERO1B,ENST00000687604,ESPRESSO:chr1:245:24432	rs2764567	chr1:236281912	231	True
B10	ENSG00000119185,ITGB1BP1,ENST00000355346,ESPRESSO:chr2:571:22448	rs4798	chr2:9406676	229	True
B10	ENSG00000119787,ATL2,ESPRESSO:chr2:571:19617,ESPRESSO:chr2:571:19804	rs2305243	chr2:38309484	256	True
B10	ENSG00000135974,C2orf49,ENST00000258457,ESPRESSO:chr2:590:5459	rs6749911	chr2:105345882	681	True
B10	ENSG00000152256,PDK1,ESPRESSO:chr2:591:15333,ESPRESSO:chr2:591:17637	rs3769321	chr2:172567626	427	True
B10	ENSG00000152256,PDK1,ESPRESSO:chr2:591:16571,ESPRESSO:chr2:591:17637	rs3769321	chr2:172567626	601	True
B10	ENSG00000093167,LRRFIP2,ENST00000496825,ESPRESSO:chr3:672:6603	rs9829683	chr3:37176131	139	True
B10	ENSG00000164081,TEX264,ENST00000489026,ESPRESSO:chr3:672:8477	rs4067	chr3:51704240	686	True
B10	ENSG00000144895,EIF2A,ENST00000460851,ESPRESSO:chr3:705:13436	rs1132979	chr3:150562658	521	True
B10	ENSG00000124275,MTRR,ESPRESSO:chr5:738:3662,ESPRESSO:chr5:738:5821	rs161870	chr5:7878079	366	True
B10	ENSG00000153006,SREK1IP1,ENST00000495198,ESPRESSO:chr5:741:32622	rs3756739	chr5:64768584	80	True
B10	ENSG00000176018,LYSMD3,ENST00000453259,ESPRESSO:chr5:741:14851	rs10069050	chr5:90525167	133	True
B10	ENSG00000125347,IRF1,ENST00000245414,ENST00000680903	rs960757	chr5:132490618	623	True
B10	ENSG00000204525,HLA-C,ENST00000487245,ESPRESSO:chr6:744:18309	rs1049709	chr6:31269077	177	True
B10	ENSG00000204525,HLA-C,ENST00000383329,ENST00000487245	rs1049709	chr6:31269077	144	True
B10	ENSG00000204525,HLA-C,ENST00000376228,ESPRESSO:chr6:744:18309	rs1049709	chr6:31269077	177	True
B10	ENSG00000234745,HLA-B,ENST00000412585,ESPRESSO:chr6:744:17790	rs2308655	chr6:31354526	33	True
B10	ENSG00000234745,HLA-B,ENST00000412585,ESPRESSO:chr6:744:13964	rs2308655	chr6:31354526	48	True
B10	ENSG00000198563,DDX39B,ESPRESSO:chr6:744:12957,ESPRESSO:chr6:744:19698	rs1129640	chr6:31538847	136	True
B10	ENSG00000206503,HLA-A,ENST00000376809,ESPRESSO:chr6:744:16868	.	chr6:29945497	47	True
B10	ENSG00000223865,HLA-DPB1,ENST00000418931,ESPRESSO:chr6:744:17221	rs1042331	chr6:33085173	224	True
B10	ENSG00000203875,SNHG5,ENST00000654795,ENST00000655116	rs1059307	chr6:85678170	114	True
B10	ENSG00000203875,SNHG5,ENST00000654795,ENST00000667421	rs1059307	chr6:85678170	35	True
B10	ENSG00000120265,PCMT1,ENST00000367378,ESPRESSO:chr6:771:20811	rs4816	chr6:149793609	198	True
B10	ENSG00000105849,POLR1F,ENST00000222567,ESPRESSO:chr7:772:6083	rs11543308	chr7:19704794	16	True
B10	ENSG00000106591,MRPL32,ESPRESSO:chr7:772:7903,ESPRESSO:chr7:772:8881	rs631132	chr7:42937492	171	True
B10	ENSG00000122557,HERPUD2,ENST00000311350,ENST00000396081	rs3779234	chr7:35670232	174	True
B10	ENSG00000146729,NIPSNAP2,ESPRESSO:chr7:772:14318,ESPRESSO:chr7:772:14592	rs4689	chr7:55999323	495	True
B10	ENSG00000188186,LAMTOR4,ENST00000468582,ESPRESSO:chr7:793:30386	rs12878	chr7:100149507	72	True
B10	ENSG00000127922,SEM1,ENST00000248566,ESPRESSO:chr7:793:18013	rs4733	chr7:96709749	62	True
B10	ENSG00000013374,NUB1,ENST00000468404,ESPRESSO:chr7:793:31758	rs113920358	chr7:151341801	460	True
B10	ENSG00000147457,CHMP7,ESPRESSO:chr8:794:4067,ESPRESSO:chr8:794:5993	rs2294123	chr8:23246682	312	True
B10	ENSG00000104765,BNIP3L,ENST00000380629,ESPRESSO:chr8:794:6033	rs1055479	chr8:26383130	100	True
B10	ENSG00000136819,C9orf78,ENST00000372447,ESPRESSO:chr9:902:21525	rs3818553	chr9:129829230	609	True
B10	ENSG00000233016,SNHG7,ENST00000416970,ESPRESSO:chr9:902:18552	rs2105078	chr9:136727950	111	True
B10	ENSG00000233016,SNHG7,ENST00000653276,ESPRESSO:chr9:902:18552	rs2105078	chr9:136727950	111	True
B10	ENSG00000107521,HPS1,ENST00000465957,ESPRESSO:chr10:290:19998	rs1804689	chr10:98445350	63	True
B10	ENSG00000095574,IKZF5,ENST00000479103,ESPRESSO:chr10:292:1413	rs2277250	chr10:123008776	234	True
B10	ENSG00000095574,IKZF5,ENST00000368886,ESPRESSO:chr10:292:1413	rs2277250	chr10:123008776	234	True
B10	ENSG00000197601,FAR1,ESPRESSO:chr11:293:7244,ESPRESSO:chr11:293:7247	rs7106640	chr11:13700842	352	True
B10	ENSG00000069493,CLEC2D,ENST00000290855,ESPRESSO:chr12:342:7262	rs3764021	chr12:9681032	290	True
B10	ENSG00000139644,TMBIM6,ENST00000267115,ESPRESSO:chr12:385:35496	rs4563	chr12:49758410	393	True
B10	ENSG00000139644,TMBIM6,ESPRESSO:chr12:385:25202,ESPRESSO:chr12:385:35496	rs4563	chr12:49758410	327	True
B10	ENSG00000120699,EXOSC8,ESPRESSO:chr13:395:16994,ESPRESSO:chr13:395:17327	rs1127446	chr13:37006002	267	True
B10	ENSG00000150459,SAP18,ENST00000450573,ESPRESSO:chr13:395:8829	rs4620	chr13:21146817	13	True
B10	ENSG00000277734,TRAC,ESPRESSO:chr14:402:15192,ESPRESSO:chr14:402:17540	rs15795	chr14:22551693	89	True
B10	ENSG00000165355,FBXO33,ESPRESSO:chr14:402:25488,ESPRESSO:chr14:402:25490	rs45453296	chr14:39431632	69	True
B10	ENSG00000041357,PSMA4,ENST00000044462,ESPRESSO:chr15:430:28001	rs8053	chr15:78548878	511	True
B10	ENSG00000140511,HAPLN3,ENST00000359595,ENST00000562889	rs3743395	chr15:88887275	70	True
B10	ENSG00000290760,UBE2Q2P13,ENST00000558592,ENST00000560292	rs1052887	chr15:101737277	92	True
B10	ENSG00000072864,NDE1,ESPRESSO:chr16:432:15236,ESPRESSO:chr16:432:22164	rs2075511	chr16:15724284	338	True
B10	ENSG00000175061,SNHG29,ENST00000475947,ENST00000660020	rs117030628	chr17:16439029	119	True
B10	ENSG00000175061,SNHG29,ENST00000475947,ENST00000667979	rs117030628	chr17:16439029	119	True
B10	ENSG00000108561,C1QBP,ESPRESSO:chr17:464:11440,ESPRESSO:chr17:464:8664	rs1050461	chr17:5432890	397	True
B10	ENSG00000177576,C18orf32,ENST00000318240,ENST00000613385	.	chr18:49482141	457	True
B10	ENSG00000141627,DYM,ENST00000584977,ESPRESSO:chr18:562:1628	rs28364579	chr18:49460653	502	True
B10	ENSG00000101439,CST3,ENST00000376925,ESPRESSO:chr20:593:2945	rs1064039	chr20:23637790	285	True
B10	ENSG00000087460,GNAS,ENST00000478585,ESPRESSO:chr20:634:13132	rs7121	chr20:58903752	81	True
B10	ENSG00000087460,GNAS,ENST00000478585,ESPRESSO:chr20:634:17480	rs7121	chr20:58903752	39	True
B10	ENSG00000203896,LIME1,ENST00000309546,ENST00000487026	rs201305489	chr20:63738294	112	False
B10	ENSG00000183527,PSMG1,ESPRESSO:chr21:650:7214,ESPRESSO:chr21:650:7216	rs14194	chr21:39177540	31	True
B10	ENSG00000100225,FBXO7,ENST00000425028,ESPRESSO:chr22:665:19817	rs11538371	chr22:32474819	305	True
B10	ENSG00000093000,NUP50,ENST00000417702,ENST00000484186	rs132881	chr22:45171699	40	True
B10	ENSG00000100300,TSPO,ENST00000337554,ENST00000583777	rs6971	chr22:43162920	257	True
B12	ENSG00000117523,PRRC2C,ENST00000467601,ESPRESSO:chr1:245:38836	rs1055417	chr1:171514578	43	True
B12	ENSG00000115750,TAF1B,ENST00000263663,ESPRESSO:chr2:571:26385	rs396190	chr2:9904895	111	True
B12	ENSG00000154814,OXNAD1,ESPRESSO:chr3:671:4073,ESPRESSO:chr3:671:5447	rs6777976	chr3:16286402	188	True
B12	ENSG00000144741,SLC25A26,ENST00000336733,ENST00000354883	rs13874	chr3:66369532	433	True
B12	ENSG00000291079,ENSG00000291079,ENST00000690916,ESPRESSO:chr5:738:5452	rs62335926	chr5:1633827	20	True
B12	ENSG00000168685,IL7R,ENST00000303115,ESPRESSO:chr5:738:5887	rs3194051	chr5:35876172	266	True
B12	ENSG00000125347,IRF1,ENST00000680903,ESPRESSO:chr5:741:35764	rs6873269	chr5:132482862	384	True
B12	ENSG00000184584,STING1,ENST00000330794,ESPRESSO:chr5:741:34249	rs78233829	chr5:139478340	71	True
B12	ENSG00000184584,STING1,ENST00000651699,ENST00000652110	rs78233829	chr5:139478340	71	True
B12	ENSG00000234745,HLA-B,ENST00000412585,ESPRESSO:chr6:744:13964	rs1050517	chr6:31356866	929	True
B12	ENSG00000206503,HLA-A,ESPRESSO:chr6:744:16871,ESPRESSO:chr6:744:7622	rs1137631	chr6:29945260	27	False
B12	ENSG00000206503,HLA-A,ENST00000376809,ESPRESSO:chr6:744:9148	rs1137631	chr6:29945260	27	False
B12	ENSG00000137312,FLOT1,ESPRESSO:chr6:744:19244,ESPRESSO:chr6:744:19342	rs1136719	chr6:30728143	902	True
B12	ENSG00000112679,DUSP22,ENST00000344450,ENST00000419235	rs56362282	chr6:348124	150	True
B12	ENSG00000112679,DUSP22,ENST00000344450,ENST00000604988	rs56362282	chr6:348124	97	True
B12	ENSG00000112343,TRIM38,ESPRESSO:chr6:744:9022,ESPRESSO:chr6:744:9024	rs199738	chr6:25963228	54	True
B12	ENSG00000124541,RRP36,ENST00000244496,ESPRESSO:chr6:746:3043	rs1138141	chr6:43027473	361	True
B12	ENSG00000146285,SCML4,ENST00000369025,ESPRESSO:chr6:771:17635	rs3734757	chr6:107732015	42	True
B12	ENSG00000198818,SFT2D1,ESPRESSO:chr6:771:15313,ESPRESSO:chr6:771:15810	rs10862	chr6:166342487	69	True
B12	ENSG00000188186,LAMTOR4,ENST00000466498,ENST00000468582	rs113315077	chr7:100153961	150	True
B12	ENSG00000128534,LSM8,ENST00000249299,ESPRESSO:chr7:793:29663	rs1061731	chr7:118192084	301	True
B12	ENSG00000171130,ATP6V0E2,ENST00000425642,ESPRESSO:chr7:793:19671	rs79377053	chr7:149874006	324	True
B12	ENSG00000165055,METTL2B,ENST00000262432,ENST00000480046	rs73232665	chr7:128498131	703	True
B12	ENSG00000120910,PPP3CC,ENST00000522000,ESPRESSO:chr8:794:4838	rs2272080	chr8:22441213	292	True
B12	ENSG00000136819,C9orf78,ENST00000372447,ESPRESSO:chr9:902:21525	rs3818553	chr9:129829230	609	True
B12	ENSG00000233016,SNHG7,ENST00000416970,ENST00000653276	rs2105078	chr9:136727950	217	True
B12	ENSG00000148290,SURF1,ENST00000371974,ESPRESSO:chr9:902:16311	rs28615629	chr9:133354702	225	True
B12	ENSG00000154473,BUB3,ENST00000368865,ESPRESSO:chr10:292:2312	rs7897156	chr10:123154480	422	True
B12	ENSG00000095574,IKZF5,ENST00000479103,ESPRESSO:chr10:292:1413	rs2277250	chr10:123008776	234	True
B12	ENSG00000130640,TUBGCP2,ENST00000480198,ENST00000683031	rs3008357	chr10:133309003	26	True
B12	ENSG00000149547,EI24,ENST00000278903,ESPRESSO:chr11:317:29645	rs7094	chr11:125583995	662	True
B12	ENSG00000139620,KANSL2,ESPRESSO:chr12:385:22090,ESPRESSO:chr12:385:34851	rs61942052	chr12:48682200	14	True
B12	ENSG00000182196,ARL6IP4,ENST00000315580,ENST00000543566	rs74815519	chr12:122980731	14	True
B12	ENSG00000182196,ARL6IP4,ENST00000315580,ENST00000453766	rs74815519	chr12:122980731	185	True
B12	ENSG00000111450,STX2,ESPRESSO:chr12:385:18579,ESPRESSO:chr12:385:35394	rs7301926	chr12:130821733	45	True
B12	ENSG00000122034,GTF3A,ENST00000381140,ENST00000419181	rs7323	chr13:27434894	171	True
B12	ENSG00000136147,PHF11,ENST00000378319,ENST00000426879	rs3033	chr13:49528856	971	True
B12	ENSG00000125375,DMAC2L,ENST00000557421,ESPRESSO:chr14:402:18035	rs2275592	chr14:50321495	13	True
B12	ENSG00000140307,GTF2A2,ENST00000396060,ESPRESSO:chr15:430:24538	rs7164756	chr15:59657426	21	True
B12	ENSG00000290709,ENSG00000290709,ESPRESSO:chr16:463:7759,ESPRESSO:chr16:463:7761	rs34921671	chr16:70034183	324	True
B12	ENSG00000123146,ADGRE5,ENST00000592341,ESPRESSO:chr19:564:24352	rs7508244	chr19:14398152	91	True
B12	ENSG00000123146,ADGRE5,ESPRESSO:chr19:564:18943,ESPRESSO:chr19:564:24352	rs2302996	chr19:14381460	556	True
B12	ENSG00000203896,LIME1,ENST00000487026,ESPRESSO:chr20:634:11013	rs1056441	chr20:63738996	77	True
B12	ENSG00000203896,LIME1,ENST00000480139,ENST00000487026	rs1056441	chr20:63738996	394	True
B12	ENSG00000196756,SNHG17,ENST00000456953,ENST00000662982	.	chr20:38431106	129	True
B12	ENSG00000101191,DIDO1,ENST00000354665,ENST00000370368	rs146807455	chr20:62911053	758	True
B12	ENSG00000100055,CYTH4,ENST00000469886,ESPRESSO:chr22:665:12613	rs3213557	chr22:37282524	279	True
B12	ENSG00000173436,MICOS10,ENST00000322753,ENST00000617872	rs1737428	chr1:19623568	95	True
B12	ENSG00000114956,DGUOK,ENST00000348222,ESPRESSO:chr2:571:13554	rs4777	chr2:73958749	140	True
B12	ENSG00000249915,PDCD6,ENST00000505221,ENST00000507528	rs7736	chr5:314820	404	True
B12	ENSG00000113648,MACROH2A1,ENST00000511689,ESPRESSO:chr5:741:26804	rs3210047	chr5:135335075	431	True
B12	ENSG00000164576,SAP30L,ENST00000297109,ENST00000440364	rs2277938	chr5:154446413	392	True
B12	ENSG00000196735,HLA-DQA1,ENST00000343139,ENST00000395363	rs707951	chr6:32642036	392	True
B12	ENSG00000196735,HLA-DQA1,ENST00000395363,ESPRESSO:chr6:744:10921	rs707951	chr6:32642036	217	True
B12	ENSG00000179344,HLA-DQB1,ENST00000399079,ESPRESSO:chr6:744:19605	rs1049060	chr6:32666529	31	False
B12	ENSG00000172172,MRPL13,ENST00000306185,ESPRESSO:chr8:827:8770	rs6650	chr8:120395956	657	True
B12	ENSG00000110203,FOLR3,ENST00000611028,ENST00000612844	rs1802608	chr11:72139678	228	True
B12	ENSG00000111729,CLEC4A,ENST00000229332,ENST00000360500	rs7295783	chr12:8123836	124	True
B12	ENSG00000089127,OAS1,ENST00000202917,ENST00000452357	rs1131454	chr12:112911065	400	True
B12	ENSG00000197249,SERPINA1,ENST00000440909,ENST00000449399	rs8004738	chr14:94390577	121	True
B12	ENSG00000034152,MAP2K3,ENST00000342679,ENST00000477540	rs116715468	chr17:21314164	64	True
B12	ENSG00000087074,PPP1R15A,ENST00000600406,ESPRESSO:chr19:568:18434	rs626974	chr19:48872643	8	True
B12	ENSG00000239998,LILRA2,ENST00000251376,ENST00000472992	rs8102050	chr19:54588122	347	True
B12	ENSG00000115523,GNLY,ENST00000263863,ESPRESSO:chr2:571:22360	rs7908	chr2:85698633	70	True
B12	ENSG00000100453,GZMB,ENST00000216341,ENST00000554242	rs8192917	chr14:24632954	40	True
B12	ENSG00000204525,HLA-C,ENST00000376228,ENST00000487245	rs1049709	chr6:31269077	573	True
B12	ENSG00000130770,ATP5IF1,ENST00000335514,ENST00000497986	rs12154	chr1:28236165	197	True
B12	ENSG00000172116,CD8B,ENST00000331469,ENST00000390655	rs2228022	chr2:86846729	83	True
B12	ENSG00000153563,CD8A,ENST00000352580,ESPRESSO:chr2:571:22391	rs145680373	chr2:86785298	704	True
B12	ENSG00000154813,DPH3,ENST00000383775,ENST00000488423	rs552	chr3:16260452	377	True
B12	ENSG00000150753,CCT5,ENST00000515390,ESPRESSO:chr5:738:6222	rs1042392	chr5:10256049	95	True
B12	ENSG00000113643,RARS1,ENST00000231572,ENST00000524082	rs244903	chr5:168486505	173	True
B12	ENSG00000277734,TRAC,ESPRESSO:chr14:402:17557,ESPRESSO:chr14:402:17582	rs17461	chr14:22551762	584	True
B12	ENSG00000163597,SNHG16,ENST00000661348,ENST00000670737	rs35175310	chr17:76563399	392	True
B12	ENSG00000101294,HM13,ENST00000340852,ESPRESSO:chr20:634:15614	rs4607	chr20:31569223	472	True
B13	ENSG00000204219,TCEA3,ENST00000450454,ESPRESSO:chr1:235:37326	rs71514235	chr1:23424647	394	True
B13	ENSG00000157978,LDLRAP1,ENST00000374338,ESPRESSO:chr1:235:21034	rs6687605	chr1:25563141	72	True
B13	ENSG00000223745,CCDC18-AS1,ENST00000655606,ESPRESSO:chr1:241:5732	rs1535700	chr1:93339430	74	True
B13	ENSG00000168710,AHCYL1,ENST00000369799,ESPRESSO:chr1:241:11488	rs17551493	chr1:109984850	1667	True
B13	ENSG00000115756,HPCAL1,ENST00000307845,ESPRESSO:chr2:571:23342	rs1042953	chr2:10426956	741	True
B13	ENSG00000152256,PDK1,ESPRESSO:chr2:591:16571,ESPRESSO:chr2:591:17637	rs3769321	chr2:172567626	601	True
B13	ENSG00000168393,DTYMK,ENST00000305784,ENST00000400770	rs1131195	chr2:241678635	14	False
B13	ENSG00000251022,THAP9-AS1,ENST00000509007,ENST00000512932	rs2305876	chr4:82900171	95	True
B13	ENSG00000169045,HNRNPH1,ENST00000393432,ESPRESSO:chr5:741:37608	rs78795662	chr5:179617892	291	True
B13	ENSG00000206503,HLA-A,ENST00000706900,ESPRESSO:chr6:744:7622	rs2499	chr6:29945765	363	True
B13	ENSG00000206503,HLA-A,ENST00000376809,ESPRESSO:chr6:744:9148	rs2499	chr6:29945765	363	True
B13	ENSG00000234745,HLA-B,ENST00000412585,ESPRESSO:chr6:744:13964	rs2308655	chr6:31354526	48	True
B13	ENSG00000198563,DDX39B,ENST00000396172,ENST00000458640	rs62395766	chr6:31542257	54	True
B13	ENSG00000186470,BTN3A2,ENST00000396934,ESPRESSO:chr6:744:19075	rs12174631	chr6:26372922	26	True
B13	ENSG00000112081,SRSF3,ENST00000339436,ENST00000373715	rs17553386	chr6:36594398	426	True
B13	ENSG00000146143,PRIM2,ENST00000615550,ESPRESSO:chr6:746:4498	rs2230042	chr6:57382049	446	True
B13	ENSG00000124588,NQO2,ENST00000380454,ENST00000380455	rs1130428	chr6:3016904	21	True
B13	ENSG00000289047,ENSG00000289047,ENST00000685247,ENST00000701517	rs9500924	chr6:32901208	289	True
B13	ENSG00000112110,MRPL18,ENST00000367034,ESPRESSO:chr6:771:18627	rs4739	chr6:159798305	673	True
B13	ENSG00000198818,SFT2D1,ENST00000361731,ESPRESSO:chr6:771:15810	rs10862	chr6:166342487	69	True
B13	ENSG00000106460,TMEM106B,ENST00000704457,ESPRESSO:chr7:772:13601	rs3173615	chr7:12229791	78	True
B13	ENSG00000002822,MAD1L1,ENST00000265854,ESPRESSO:chr7:772:12208	rs1801368	chr7:1936821	76	True
B13	ENSG00000291099,ENSG00000291099,ENST00000690822,ESPRESSO:chr7:772:12292	rs2240405	chr7:5840761	72	True
B13	ENSG00000188186,LAMTOR4,ENST00000341942,ENST00000468582	rs12878	chr7:100149507	9	True
B13	ENSG00000188186,LAMTOR4,ENST00000468582,ESPRESSO:chr7:793:30386	rs12878	chr7:100149507	72	True
B13	ENSG00000036448,MYOM2,ENST00000518513,ENST00000612167	rs1063523	chr8:2144879	103	True
B13	ENSG00000120910,PPP3CC,ENST00000522000,ESPRESSO:chr8:794:4838	rs1049437	chr8:22441144	292	True
B13	ENSG00000176978,DPP7,ENST00000371579,ESPRESSO:chr9:902:22739	rs11145999	chr9:137114482	889	True
B13	ENSG00000233016,SNHG7,ENST00000416970,ENST00000447221	rs2275158	chr9:136727998	118	True
B13	ENSG00000023191,RNH1,ENST00000438658,ENST00000533410	rs17584	chr11:499059	588	True
B13	ENSG00000023191,RNH1,ENST00000397615,ENST00000438658	rs17584	chr11:499059	468	True
B13	ENSG00000139190,VAMP1,ENST00000400911,ENST00000535180	rs2072376	chr12:6470646	454	True
B13	ENSG00000291107,ENSG00000291107,ENST00000574035,ENST00000575094	rs17805558	chr12:9657404	62	True
B13	ENSG00000111615,KRR1,ESPRESSO:chr12:385:24890,ESPRESSO:chr12:385:34486	rs2070162	chr12:75506808	27	True
B13	ENSG00000139372,TDG,ENST00000392872,ENST00000544060	.	chr12:103966015	188	False
B13	ENSG00000186184,POLR1D,ENST00000302979,ENST00000399697	rs2232679	chr13:27621896	113	True
B13	ENSG00000136147,PHF11,ENST00000378319,ENST00000426879	rs3033	chr13:49528856	971	True
B13	ENSG00000169609,C15orf40,ENST00000451195,ESPRESSO:chr15:430:15256	rs4842860	chr15:83011535	294	True
B13	ENSG00000063854,HAGH,ENST00000397353,ENST00000397356	rs1057070	chr16:1809152	981	True
B13	ENSG00000103479,RBL2,ESPRESSO:chr16:461:2970,ESPRESSO:chr16:461:4125	rs10748	chr16:53470809	185	True
B13	ENSG00000141252,VPS53,ENST00000574029,ENST00000680970	rs2474694	chr17:714799	177	True
B13	ENSG00000169738,DCXR,ENST00000580320,ESPRESSO:chr17:491:30882	rs61739740	chr17:82036724	194	True
B13	ENSG00000214087,ARL16,ESPRESSO:chr17:491:30068,ESPRESSO:chr17:491:30069	rs117352501	chr17:81681544	451	True
B13	ENSG00000064666,CNN2,ENST00000263097,ENST00000348419	rs2304262	chr19:1036553	138	True
B13	ENSG00000118620,ZNF430,ENST00000261560,ESPRESSO:chr19:564:22824	rs73012943	chr19:21020682	121	True
B13	ENSG00000012061,ERCC1,ENST00000300853,ENST00000589165	rs11615	chr19:45420395	360	True
B13	ENSG00000213762,ZNF134,ENST00000396161,ENST00000597975	rs201779544	chr19:57620825	666	False
B13	ENSG00000089012,SIRPG,ENST00000303415,ENST00000344103	rs3746722	chr20:1630293	13	True
B13	ENSG00000177410,ZFAS1,ENST00000371743,ENST00000441722	rs6648	chr20:49278705	202	True
B13	ENSG00000177410,ZFAS1,ENST00000441722,ENST00000667889	rs6648	chr20:49278705	11	True
B13	ENSG00000100300,TSPO,ENST00000337554,ENST00000583777	rs6971	chr22:43162920	257	True
B13	ENSG00000130775,THEMIS2,ENST00000373921,ENST00000373927	rs6564	chr1:27886464	755	True
B13	ENSG00000109743,BST1,ENST00000265016,ESPRESSO:chr4:707:5337	rs2302465	chr4:15707569	477	True
B13	ENSG00000124570,SERPINB6,ENST00000380529,ENST00000380539	rs2236277	chr6:2959279	63	True
B13	ENSG00000106565,TMEM176B,ENST00000326442,ENST00000447204	rs3173833	chr7:150793996	284	True
B13	ENSG00000165752,STK32C,ENST00000368619,ENST00000456004	rs7100410	chr10:132331649	214	True
B13	ENSG00000111729,CLEC4A,ENST00000229332,ENST00000360500	rs1133104	chr12:8138526	754	True
B13	ENSG00000015475,BID,ENST00000399765,ENST00000622694	rs11538	chr22:17738065	304	True
B13	ENSG00000159674,SPON2,ENST00000290902,ESPRESSO:chr4:707:4676	rs193114328	chr4:1171343	273	True
B13	ENSG00000167004,PDIA3,ENST00000300289,ENST00000691893	rs1053492	chr15:43769604	122	True
B13	ENSG00000103254,ANTKMT,ENST00000219535,ENST00000569529	rs11540049	chr16:721286	396	True
B13	ENSG00000104964,TLE5,ENST00000221561,ENST00000327141	rs425485	chr19:3053804	581	True
B13	ENSG00000196735,HLA-DQA1,ENST00000343139,ENST00000374949	rs2308890	chr6:32642231	22	True
B13	ENSG00000196735,HLA-DQA1,ENST00000460633,ESPRESSO:chr6:744:10921	rs10093	chr6:32641396	162	True
B13	ENSG00000211893,IGHG2,ENST00000390545,ESPRESSO:chr14:402:19258	rs8009156	chr14:105643800	185	True
B1	ENSG00000143337,TOR1AIP1,ENST00000528443,ESPRESSO:chr1:245:37485	rs609521	chr1:179907853	80	True
B1	ENSG00000115523,GNLY,ENST00000263863,ESPRESSO:chr2:571:22360	rs7908	chr2:85698633	70	True
B1	ENSG00000124570,SERPINB6,ENST00000380529,ESPRESSO:chr6:744:18486	rs2236277	chr6:2959279	63	True
B1	ENSG00000204525,HLA-C,ENST00000376228,ENST00000487245	rs1094	chr6:31268945	705	True
B1	ENSG00000204525,HLA-C,ENST00000376228,ENST00000466892	rs1094	chr6:31268945	228	True
B1	ENSG00000234745,HLA-B,ENST00000412585,ESPRESSO:chr6:744:18323	rs1055149	chr6:31354181	196	True
B1	ENSG00000234745,HLA-B,ENST00000412585,ESPRESSO:chr6:744:17790	rs1055149	chr6:31354181	196	True
B1	ENSG00000211772,TRBC2,ENST00000466254,ESPRESSO:chr7:793:21718	rs11327	chr7:142802725	735	True
B1	ENSG00000119953,SMNDC1,ENST00000369603,ESPRESSO:chr10:290:15410	.	chr10:110304810	183	True
B1	ENSG00000170322,NFRKB,ESPRESSO:chr11:317:26011,ESPRESSO:chr11:317:29655	rs3108962	chr11:129895558	63	True
B1	ENSG00000277734,TRAC,ESPRESSO:chr14:402:17526,ESPRESSO:chr14:402:19435	rs15795	chr14:22551693	515	True
B1	ENSG00000277734,TRAC,ESPRESSO:chr14:402:17536,ESPRESSO:chr14:402:17567	rs15795	chr14:22551693	515	True
B1	ENSG00000126804,ZBTB1,ENST00000683701,ESPRESSO:chr14:402:26717	rs28626711	chr14:64521561	75	True
B1	ENSG00000172183,ISG20,ENST00000306072,ESPRESSO:chr15:430:25873	rs3200942	chr15:88639365	23	True
B1	ENSG00000108561,C1QBP,ENST00000225698,ESPRESSO:chr17:464:8664	rs1050461	chr17:5432890	590	True
B1	ENSG00000179344,HLA-DQB1,ENST00000399082,ENST00000434651	rs1130399	chr6:32661978	12	True
B1	ENSG00000206503,HLA-A,ENST00000376809,ENST00000638375	rs1137631	chr6:29945260	60	False
B1	ENSG00000206503,HLA-A,ENST00000376809,ENST00000706900	rs1137631	chr6:29945260	729	False
B1	ENSG00000206503,HLA-A,ESPRESSO:chr6:744:18256,ESPRESSO:chr6:744:7622	rs1137631	chr6:29945260	27	False
B1	ENSG00000089280,FUS,ENST00000254108,ESPRESSO:chr16:432:22133	rs741810	chr16:31182621	376	True
B1	ENSG00000170345,FOS,ENST00000303562,ESPRESSO:chr14:402:25847	rs7101	chr14:75278923	200	True
B1	ENSG00000170345,FOS,ENST00000554617,ENST00000555242	rs2239615	chr14:75278848	147	True
B1	ENSG00000143110,C1orf162,ENST00000343534,ESPRESSO:chr1:241:6601	rs6703267	chr1:111476035	18	True
B1	ENSG00000143119,CD53,ESPRESSO:chr1:241:10829,ESPRESSO:chr1:241:9481	rs1803259	chr1:110899207	84	True
B1	ENSG00000143119,CD53,ENST00000271324,ESPRESSO:chr1:241:9884	rs1803259	chr1:110899207	84	True
B1	ENSG00000125347,IRF1,ENST00000680139,ENST00000680903	rs960757	chr5:132490618	623	True
B1	ENSG00000106565,TMEM176B,ENST00000326442,ENST00000447204	rs2302479	chr7:150791528	820	True
B1	ENSG00000225484,NUTM2B-AS1,ESPRESSO:chr10:290:15000,ESPRESSO:chr10:290:22055	rs4039305	chr10:79814682	325	True
B1	ENSG00000197249,SERPINA1,ENST00000440909,ENST00000449399	rs56367058	chr14:94390547	91	True
B1	ENSG00000168961,LGALS9,ENST00000302228,ESPRESSO:chr17:481:4850	rs3751092	chr17:27631065	644	True
B1	ENSG00000204475,NCR3,ENST00000376072,ENST00000376073	rs11575836	chr6:31592925	700	True
B1	ENSG00000275302,CCL4,ENST00000615863,ENST00000621626	rs1049807	chr17:36105270	46	True
B1	ENSG00000242485,MRPL20,ENST00000482352,ESPRESSO:chr1:235:31012	rs2275915	chr1:1407232	102	True
B1	ENSG00000153563,CD8A,ENST00000352580,ENST00000699438	rs3020729	chr2:86785170	801	True
B1	ENSG00000128699,ORMDL1,ENST00000325795,ESPRESSO:chr2:591:14038	rs6942	chr2:189771685	369	True
B1	ENSG00000145287,PLAC8,ENST00000311507,ENST00000509973	rs7659534	chr4:83090885	325	True
B1	ENSG00000178381,ZFAND2A,ENST00000316495,ESPRESSO:chr7:772:12702	rs1133116	chr7:1155579	127	True
B1	ENSG00000120910,PPP3CC,ENST00000289963,ESPRESSO:chr8:794:4838	rs1049437	chr8:22441144	637	True
B1	ENSG00000142507,PSMB6,ENST00000270586,ENST00000575079	rs3169950	chr17:4796257	39	True
B1	ENSG00000090554,FLT3LG,ENST00000594009,ESPRESSO:chr19:568:16546	rs1042120	chr19:49480416	129	True
B1	ENSG00000143727,ACP1,ENST00000272065,ENST00000453390	rs79716074	chr2:277003	86	True
B2	ENSG00000117410,ATP6V0B,ENST00000236067,ENST00000472174	rs2286241	chr1:43975097	10	True
B2	ENSG00000234745,HLA-B,ENST00000412585,ESPRESSO:chr6:744:13964	rs1140487	chr6:31355210	185	True
B2	ENSG00000234745,HLA-B,ENST00000412585,ESPRESSO:chr6:744:18323	rs1131446	chr6:31355339	23	True
B2	ENSG00000231389,HLA-DPA1,ENST00000692443,ESPRESSO:chr6:744:16414	rs2308930	chr6:33069174	156	True
B2	ENSG00000206503,HLA-A,ENST00000706900,ESPRESSO:chr6:744:18256	rs14288	chr6:29945265	458	True
B2	ENSG00000206503,HLA-A,ENST00000706900,ESPRESSO:chr6:744:7622	rs14288	chr6:29945265	32	True
B2	ENSG00000206503,HLA-A,ESPRESSO:chr6:744:15343,ESPRESSO:chr6:744:18256	rs14288	chr6:29945265	32	True
B2	ENSG00000206503,HLA-A,ESPRESSO:chr6:744:16021,ESPRESSO:chr6:744:7622	rs14288	chr6:29945265	32	True
B2	ENSG00000179344,HLA-DQB1,ENST00000399082,ENST00000434651	rs3210176	chr6:32660073	176	True
B2	ENSG00000104312,RIPK2,ENST00000220751,ENST00000522965	rs2230801	chr8:89772751	449	True
B2	ENSG00000136986,DERL1,ENST00000259512,ENST00000405944	rs7812	chr8:123015322	263	True
B2	ENSG00000087460,GNAS,ENST00000371085,ENST00000478585	rs7121	chr20:58903752	81	True
B2	ENSG00000087460,GNAS,ENST00000371095,ENST00000478585	rs7121	chr20:58903752	212	True
B2	ENSG00000100373,UPK3A,ENST00000396082,ESPRESSO:chr22:665:18430	rs1057356	chr22:45295713	287	True
B2	ENSG00000162704,ARPC5,ENST00000359856,ESPRESSO:chr1:245:20510	rs2231240	chr1:183630503	43	True
B2	ENSG00000162704,ARPC5,ENST00000359856,ESPRESSO:chr1:245:20508	rs2231240	chr1:183630503	43	True
B2	ENSG00000018280,SLC11A1,ENST00000233202,ESPRESSO:chr2:591:18821	rs2276631	chr2:218384290	597	True
B2	ENSG00000093167,LRRFIP2,ENST00000496825,ESPRESSO:chr3:672:6603	rs9829683	chr3:37176131	139	True
B2	ENSG00000109743,BST1,ENST00000265016,ESPRESSO:chr4:707:5337	rs2302465	chr4:15707569	477	True
B2	ENSG00000164111,ANXA5,ESPRESSO:chr4:734:14258,ESPRESSO:chr4:734:19393	rs1050606	chr4:121696891	319	True
B2	ENSG00000178381,ZFAND2A,ENST00000316495,ESPRESSO:chr7:772:12702	rs1133116	chr7:1155579	127	True
B2	ENSG00000104325,DECR1,ENST00000220764,ESPRESSO:chr8:827:9407	rs201183578	chr8:90001477	84	False
B2	ENSG00000107968,MAP3K8,ENST00000375322,ESPRESSO:chr10:249:6274	rs1042058	chr10:30439172	257	True
B2	ENSG00000122034,GTF3A,ENST00000381140,ENST00000419181	rs7323	chr13:27434894	171	True
B2	ENSG00000291103,MPHOSPH10P1,ENST00000691904,ENST00000693362	rs10775327	chr16:53370291	4	True
B2	ENSG00000087253,LPCAT2,ESPRESSO:chr16:461:1553,ESPRESSO:chr16:461:3898	rs17302903	chr16:55509161	331	True
B2	ENSG00000169738,DCXR,ENST00000306869,ESPRESSO:chr17:491:30882	rs61739740	chr17:82036724	194	True
B2	ENSG00000167850,CD300C,ENST00000330793,ESPRESSO:chr17:491:20142	rs2292107	chr17:74544913	432	True
B2	ENSG00000006015,REX1BD,ENST00000450195,ENST00000597371	rs3170474	chr19:18592267	240	True
B2	ENSG00000177410,ZFAS1,ENST00000371743,ENST00000441722	rs6648	chr20:49278705	202	True
B2	ENSG00000177410,ZFAS1,ENST00000441722,ENST00000667889	rs6648	chr20:49278705	11	True
B2	ENSG00000136718,IMP4,ENST00000259239,ESPRESSO:chr2:590:10770	rs55872863	chr2:130346951	436	True
B2	ENSG00000003402,CFLAR,ENST00000341222,ENST00000423241	rs10931931	chr2:201129817	89	True
B2	ENSG00000114446,IFT57,ESPRESSO:chr3:701:12125,ESPRESSO:chr3:701:12128	rs58273586	chr3:108162305	350	True
B2	ENSG00000125347,IRF1,ENST00000680903,ESPRESSO:chr5:741:33066	rs960757	chr5:132490618	74	True
B2	ENSG00000204525,HLA-C,ENST00000487245,ESPRESSO:chr6:744:16971	rs1094	chr6:31268945	309	True
B2	ENSG00000006652,IFRD1,ESPRESSO:chr7:793:31483,ESPRESSO:chr7:793:34296	rs7817	chr7:112475603	713	True
B2	ENSG00000079459,FDFT1,ENST00000220584,ESPRESSO:chr8:794:8989	rs9205	chr8:11831610	775	True
B2	ENSG00000152219,ARL14EP,ENST00000532047,ESPRESSO:chr11:293:12477	rs4071559	chr11:30323178	24	True
B2	ENSG00000111615,KRR1,ENST00000229214,ESPRESSO:chr12:385:34486	rs2070162	chr12:75506808	27	True
B2	ENSG00000277734,TRAC,ESPRESSO:chr14:402:17530,ESPRESSO:chr14:402:17575	rs15795	chr14:22551693	515	True
B2	ENSG00000140307,GTF2A2,ENST00000396064,ESPRESSO:chr15:430:24538	rs7164756	chr15:59657426	21	True
B2	ENSG00000156232,WHAMM,ESPRESSO:chr15:430:15219,ESPRESSO:chr15:430:21891	rs35270670	chr15:82813128	26	True
B2	ENSG00000095906,NUBP2,ENST00000262302,ESPRESSO:chr16:432:18065	rs344359	chr16:1788639	407	True
B2	ENSG00000103121,CMC2,ENST00000565108,ESPRESSO:chr16:463:10553	rs1127390	chr16:80976176	3	True
B2	ENSG00000223865,HLA-DPB1,ENST00000418931,ESPRESSO:chr6:744:17221	rs1042331	chr6:33085173	224	True
B2	ENSG00000120616,EPC1,ENST00000469059,ENST00000480402	rs7897530	chr10:32347043	281	True
B2	ENSG00000275302,CCL4,ENST00000615863,ENST00000621626	rs1049807	chr17:36105270	46	True
B3	ENSG00000158864,NDUFS2,ENST00000676770,ESPRESSO:chr1:245:39704	rs1136207	chr1:161213726	510	True
B3	ENSG00000158864,NDUFS2,ENST00000676972,ESPRESSO:chr1:245:39704	rs1136207	chr1:161213726	510	True
B3	ENSG00000154813,DPH3,ENST00000383775,ENST00000488423	rs552	chr3:16260452	377	True
B3	ENSG00000234745,HLA-B,ENST00000412585,ESPRESSO:chr6:744:13964	rs1131165	chr6:31357110	1045	True
B3	ENSG00000179344,HLA-DQB1,ENST00000399079,ENST00000434651	rs1140347	chr6:32660245	4	False
B3	ENSG00000196735,HLA-DQA1,ENST00000343139,ENST00000374949	rs2308890	chr6:32642231	22	True
B3	ENSG00000137161,CNPY3,ENST00000372836,ESPRESSO:chr6:746:3019	rs9471969	chr6:42938646	417	True
B3	ENSG00000137161,CNPY3,ESPRESSO:chr6:746:3019,ESPRESSO:chr6:746:3976	rs9471969	chr6:42938646	417	True
B3	ENSG00000135604,STX11,ENST00000367568,ENST00000698355	rs45574234	chr6:144187426	804	True
B3	ENSG00000106565,TMEM176B,ENST00000326442,ENST00000447204	rs2072443	chr7:150793288	404	True
B3	ENSG00000223482,NUTM2A-AS1,ENST00000433530,ENST00000666515	rs12262768	chr10:87238713	136	True
B3	ENSG00000223482,NUTM2A-AS1,ENST00000654503,ENST00000667985	rs112183069	chr10:87342302	165	True
B3	ENSG00000023191,RNH1,ENST00000356187,ENST00000438658	rs17849355	chr11:499066	461	True
B3	ENSG00000172322,CLEC12A,ENST00000304361,ESPRESSO:chr12:342:7636	rs479499	chr12:9984958	639	True
B3	ENSG00000139278,GLIPR1,ENST00000266659,ESPRESSO:chr12:385:31545	rs28932170	chr12:75490474	315	True
B3	ENSG00000150403,TMCO3,ESPRESSO:chr13:395:8673,ESPRESSO:chr13:395:9779	rs2261241	chr13:113495576	75	True
B3	ENSG00000197249,SERPINA1,ENST00000404814,ENST00000440909	rs8004738	chr14:94390577	121	True
B3	ENSG00000196502,SULT1A1,ENST00000314752,ENST00000567998	rs41278160	chr16:28606186	145	False
B3	ENSG00000076944,STXBP2,ENST00000221283,ENST00000602355	rs6791	chr19:7647391	124	True
B3	ENSG00000087460,GNAS,ENST00000265620,ENST00000478585	rs7121	chr20:58903752	81	True
B3	ENSG00000087460,GNAS,ENST00000478585,ESPRESSO:chr20:634:13082	rs7121	chr20:58903752	81	True
B3	ENSG00000087460,GNAS,ENST00000371095,ENST00000478585	rs7121	chr20:58903752	212	True
B3	ENSG00000189306,RRP7A,ENST00000323013,ESPRESSO:chr22:665:14762	rs3201001	chr22:42516023	428	True
B3	ENSG00000115523,GNLY,ENST00000263863,ESPRESSO:chr2:571:22360	rs7908	chr2:85698633	70	True
B3	ENSG00000095906,NUBP2,ENST00000262302,ENST00000568834	rs344359	chr16:1788639	407	True
B3	ENSG00000130811,EIF3G,ENST00000253108,ENST00000590158	rs7710	chr19:10115580	142	True
B3	ENSG00000188921,HACD4,ENST00000495827,ESPRESSO:chr9:833:6086	rs2298260	chr9:21029331	67	True
B3	ENSG00000172116,CD8B,ENST00000331469,ENST00000390655	rs62146888	chr2:86861841	596	True
B3	ENSG00000144741,SLC25A26,ENST00000336733,ENST00000354883	rs3772197	chr3:66243264	62	True
B3	ENSG00000125347,IRF1,ENST00000245414,ENST00000680903	rs960757	chr5:132490618	623	True
B3	ENSG00000176978,DPP7,ENST00000371579,ESPRESSO:chr9:902:22739	rs150267769	chr9:137113991	692	True
B3	ENSG00000133641,C12orf29,ENST00000550333,ESPRESSO:chr12:385:31589	rs9262	chr12:88046899	291	True
B3	ENSG00000277734,TRAC,ESPRESSO:chr14:402:17549,ESPRESSO:chr14:402:17577	rs15795	chr14:22551693	515	True
B3	ENSG00000105669,COPE,ENST00000262812,ENST00000349893	rs1127821	chr19:18900435	14	True
B3	ENSG00000175087,PDIK1L,ENST00000374269,ESPRESSO:chr1:235:30279	rs17257107	chr1:26121956	120	True
B3	ENSG00000143337,TOR1AIP1,ENST00000528443,ESPRESSO:chr1:245:37971	rs609521	chr1:179907853	80	True
B3	ENSG00000198563,DDX39B,ENST00000458640,ESPRESSO:chr6:744:17009	rs1129640	chr6:31538847	8	True
B3	ENSG00000104529,EEF1D,ENST00000395119,ENST00000528610	rs62522168	chr8:143597606	383	True
B3	ENSG00000069493,CLEC2D,ENST00000261339,ESPRESSO:chr12:342:7262	rs16914640	chr12:9669791	4	True
B3	ENSG00000123106,CCDC91,ENST00000545336,ESPRESSO:chr12:342:11218	rs1133028	chr12:28450179	795	True
B3	ENSG00000172183,ISG20,ENST00000306072,ESPRESSO:chr15:430:25873	rs3200942	chr15:88639365	23	True
B3	ENSG00000108561,C1QBP,ESPRESSO:chr17:464:11440,ESPRESSO:chr17:464:8664	rs1050461	chr17:5432890	397	True
B3	ENSG00000291087,CRYBB2P1,ENST00000701000,ESPRESSO:chr22:665:14001	rs6423498	chr22:25457401	0	True
B3	ENSG00000204525,HLA-C,ENST00000487245,ESPRESSO:chr6:744:16971	rs1094	chr6:31268945	309	True
B3	ENSG00000204525,HLA-C,ENST00000376228,ESPRESSO:chr6:744:16971	rs1094	chr6:31268945	309	True
B3	ENSG00000211898,IGHD,ENST00000390556,ESPRESSO:chr14:402:21640	.	chr14:105840505	139	True
B3	ENSG00000211895,IGHA1,ENST00000390547,ESPRESSO:chr14:402:19261	rs117775520	chr14:105707884	100	True
B3	ENSG00000128891,CCDC32,ENST00000358005,ENST00000416810	rs10152546	chr15:40563011	16	True
B4	ENSG00000158773,USF1,ESPRESSO:chr1:245:36696,ESPRESSO:chr1:245:37374	rs2516839	chr1:161043331	114	True
B4	ENSG00000116977,LGALS8,ENST00000366584,ESPRESSO:chr1:245:39656	rs2243525	chr1:236543562	3	True
B4	ENSG00000114784,EIF1B,ENST00000232905,ENST00000462088	rs11541150	chr3:40309786	186	True
B4	ENSG00000093167,LRRFIP2,ENST00000496825,ESPRESSO:chr3:672:6603	rs9829683	chr3:37176131	139	True
B4	ENSG00000066379,POLR1H,ENST00000359374,ENST00000376782	rs10745	chr6:30062280	313	True
B4	ENSG00000066379,POLR1H,ENST00000359374,ESPRESSO:chr6:744:16044	rs10745	chr6:30062280	57	True
B4	ENSG00000234745,HLA-B,ESPRESSO:chr6:744:13964,ESPRESSO:chr6:744:18323	rs1131446	chr6:31355339	23	True
B4	ENSG00000234745,HLA-B,ESPRESSO:chr6:744:13963,ESPRESSO:chr6:744:18323	rs1131446	chr6:31355339	23	True
B4	ENSG00000234745,HLA-B,ENST00000412585,ESPRESSO:chr6:744:18323	rs1131446	chr6:31355339	23	True
B4	ENSG00000179344,HLA-DQB1,ENST00000399082,ENST00000434651	rs1140347	chr6:32660245	4	False
B4	ENSG00000179344,HLA-DQB1,ENST00000399079,ENST00000434651	rs1140347	chr6:32660245	4	False
B4	ENSG00000179344,HLA-DQB1,ENST00000399082,ESPRESSO:chr6:744:19605	rs1049060	chr6:32666529	31	False
B4	ENSG00000179344,HLA-DQB1,ENST00000399079,ESPRESSO:chr6:744:19605	rs1049060	chr6:32666529	31	False
B4	ENSG00000137393,RNF144B,ENST00000486622,ESPRESSO:chr6:744:7255	rs2296198	chr6:18399519	180	True
B4	ENSG00000124588,NQO2,ENST00000380454,ESPRESSO:chr6:744:18500	rs2071002	chr6:3000069	16	True
B4	ENSG00000196735,HLA-DQA1,ENST00000343139,ENST00000374949	rs2308890	chr6:32642231	22	True
B4	ENSG00000196735,HLA-DQA1,ENST00000460633,ESPRESSO:chr6:744:10921	rs12722051	chr6:32641370	188	True
B4	ENSG00000186470,BTN3A2,ENST00000377708,ENST00000396934	rs34878490	chr6:26370344	371	True
B4	ENSG00000203875,SNHG5,ENST00000654795,ENST00000658077	rs2783171	chr6:85673047	1342	True
B4	ENSG00000203875,SNHG5,ENST00000654795,ENST00000670094	rs2783171	chr6:85673047	1182	True
B4	ENSG00000104765,BNIP3L,ENST00000380629,ESPRESSO:chr8:794:6033	rs1055479	chr8:26383130	100	True
B4	ENSG00000164733,CTSB,ENST00000532409,ENST00000679214	rs8898	chr8:11845033	435	True
B4	ENSG00000079459,FDFT1,ENST00000220584,ESPRESSO:chr8:794:8989	rs1047643	chr8:11802853	78	True
B4	ENSG00000165233,CARD19,ESPRESSO:chr9:902:18036,ESPRESSO:chr9:902:18770	rs2298242	chr9:93113274	355	True
B4	ENSG00000176978,DPP7,ENST00000371579,ESPRESSO:chr9:902:22739	rs10747049	chr9:137114298	785	True
B4	ENSG00000176978,DPP7,ENST00000460830,ESPRESSO:chr9:902:22739	rs10747049	chr9:137114298	605	True
B4	ENSG00000167136,ENDOG,ENST00000372642,ESPRESSO:chr9:902:9842	rs2293969	chr9:128818719	576	True
B4	ENSG00000149089,APIP,ENST00000395787,ENST00000527830	rs2956114	chr11:34916266	39	True
B4	ENSG00000109861,CTSC,ENST00000227266,ESPRESSO:chr11:317:30707	rs11019400	chr11:88337690	190	True
B4	ENSG00000110077,MS4A6A,ESPRESSO:chr11:317:19349,ESPRESSO:chr11:317:24888	rs12453	chr11:60178272	44	True
B4	ENSG00000139318,DUSP6,ENST00000279488,ENST00000308385	rs2279574	chr12:89351700	61	True
B4	ENSG00000139428,MMAB,ENST00000537496,ENST00000545712	rs10774774	chr12:109573424	463	True
B4	ENSG00000129460,NGDN,ESPRESSO:chr14:402:23666,ESPRESSO:chr14:402:30802	rs2236261	chr14:23475305	3	True
B4	ENSG00000100902,PSMA6,ENST00000261479,ESPRESSO:chr14:402:27564	rs11547365	chr14:35292434	451	True
B4	ENSG00000197249,SERPINA1,ENST00000440909,ENST00000449399	rs8004738	chr14:94390577	121	True
B4	ENSG00000133983,COX16,ENST00000389912,ESPRESSO:chr14:402:18528	rs4749	chr14:70326287	297	True
B4	ENSG00000272888,CHASERR,ENST00000556895,ESPRESSO:chr15:430:18446	rs7743	chr15:92898037	383	True
B4	ENSG00000272888,CHASERR,ENST00000554133,ESPRESSO:chr15:430:18446	rs7743	chr15:92898037	383	True
B4	ENSG00000041357,PSMA4,ENST00000413382,ENST00000559365	rs8053	chr15:78548878	453	True
B4	ENSG00000041357,PSMA4,ENST00000044462,ENST00000559082	rs8053	chr15:78548878	743	True
B4	ENSG00000041357,PSMA4,ENST00000413382,ENST00000559082	rs8053	chr15:78548878	511	True
B4	ENSG00000196502,SULT1A1,ENST00000567998,ENST00000569554	rs41278160	chr16:28606186	145	False
B4	ENSG00000262879,ENSG00000262879,ENST00000574741,ENST00000576938	rs7222781	chr17:47100059	107	True
B4	ENSG00000228300,FAM174C,ENST00000409293,ENST00000469144	rs757292	chr19:1277276	94	True
B4	ENSG00000105383,CD33,ENST00000262262,ENST00000421133	rs35112940	chr19:51235662	492	True
B4	ENSG00000163131,CTSS,ENST00000679582,ENST00000680466	rs1136774	chr1:150765721	24	True
B4	ENSG00000187514,PTMA,ENST00000341369,ENST00000409115	rs8868	chr2:231708591	232	True
B4	ENSG00000122644,ARL4A,ENST00000356797,ENST00000396664	rs117002576	chr7:12686934	109	True
B4	ENSG00000211772,TRBC2,ENST00000466254,ESPRESSO:chr7:793:21652	rs11327	chr7:142802725	735	True
B4	ENSG00000211772,TRBC2,ENST00000466254,ESPRESSO:chr7:793:19462	rs11327	chr7:142802725	223	True
B4	ENSG00000084207,GSTP1,ENST00000398603,ENST00000398606	rs1695	chr11:67585218	23	True
B4	ENSG00000173992,CCS,ENST00000530384,ENST00000533244	rs1127145	chr11:66605834	376	True
B4	ENSG00000165929,TC2N,ENST00000435962,ENST00000555302	rs3825687	chr14:91867267	6	True
B4	ENSG00000165929,TC2N,ENST00000555302,ESPRESSO:chr14:402:24104	rs3825687	chr14:91867267	6	True
B4	ENSG00000170291,ELP5,ENST00000396628,ENST00000573657	rs2521988	chr17:7252542	196	True
B4	ENSG00000170291,ELP5,ENST00000573657,ENST00000574993	rs2521988	chr17:7252542	196	True
B4	ENSG00000277791,PSMB3,ENST00000619426,ENST00000620309	rs4907	chr17:38753246	196	True
B4	ENSG00000157873,TNFRSF14,ENST00000355716,ESPRESSO:chr1:235:36619	rs8725	chr1:2563346	856	True
B4	ENSG00000071575,TRIB2,ENST00000155926,ENST00000405331	rs55813198	chr2:12718318	552	True
B4	ENSG00000115946,PNO1,ESPRESSO:chr2:571:22996,ESPRESSO:chr2:571:23805	rs1137930	chr2:68161691	9	True
B4	ENSG00000196912,ANKRD36B,ESPRESSO:chr2:590:11887,ESPRESSO:chr2:590:11964	rs13001728	chr2:97547721	19	True
B4	ENSG00000075884,ARHGAP15,ESPRESSO:chr2:591:25743,ESPRESSO:chr2:591:28120	rs17230746	chr2:143436996	169	True
B4	ENSG00000003402,CFLAR,ENST00000341222,ENST00000423241	rs10931931	chr2:201129817	89	True
B4	ENSG00000081320,STK17B,ESPRESSO:chr2:591:18627,ESPRESSO:chr2:591:22127	rs56228509	chr2:196171418	86	True
B4	ENSG00000154813,DPH3,ENST00000383775,ENST00000488423	rs552	chr3:16260452	377	True
B4	ENSG00000154814,OXNAD1,ESPRESSO:chr3:671:4074,ESPRESSO:chr3:671:5447	rs6777976	chr3:16286402	188	True
B4	ENSG00000189283,FHIT,ESPRESSO:chr3:672:15477,ESPRESSO:chr3:672:8710	rs1385816	chr3:59922400	14	True
B4	ENSG00000163938,GNL3,ENST00000462550,ESPRESSO:chr3:672:14868	rs1108842	chr3:52686064	41	True
B4	ENSG00000291091,SDHAP4,ENST00000689038,ESPRESSO:chr3:705:12714	rs200151765	chr3:197623301	81	False
B4	ENSG00000112576,CCND3,ENST00000415497,ENST00000510503	rs11552783	chr6:42048581	81	True
B4	ENSG00000021355,SERPINB1,ENST00000380739,ESPRESSO:chr6:744:12518	rs15286	chr6:2833505	1074	True
B4	ENSG00000024862,CCDC28A,ENST00000617445,ESPRESSO:chr6:771:10861	rs11154999	chr6:138773800	466	True
B4	ENSG00000071994,PDCD2,ENST00000545869,ESPRESSO:chr6:771:18688	rs8770	chr6:170577443	124	True
B4	ENSG00000106591,MRPL32,ESPRESSO:chr7:772:7903,ESPRESSO:chr7:772:8881	rs631132	chr7:42937492	171	True
B4	ENSG00000106392,C1GALT1,ENST00000436587,ESPRESSO:chr7:772:8487	rs1047763	chr7:7243938	1083	True
B4	ENSG00000171130,ATP6V0E2,ENST00000425642,ESPRESSO:chr7:793:19671	rs79377053	chr7:149874006	324	True
B4	ENSG00000245164,LINC00861,ESPRESSO:chr8:827:4631,ESPRESSO:chr8:827:7595	rs16900994	chr8:125946052	130	True
B4	ENSG00000080503,SMARCA2,ENST00000634536,ENST00000636559	rs10964468	chr9:2029018	229	True
B4	ENSG00000170759,KIF5B,ENST00000302418,ESPRESSO:chr10:249:12053	rs12251445	chr10:32056417	732	True
B4	ENSG00000107643,MAPK8,ESPRESSO:chr10:290:20353,ESPRESSO:chr10:290:21127	rs113540415	chr10:48306708	182	True
B4	ENSG00000023191,RNH1,ENST00000356187,ENST00000438658	rs7983	chr11:494942	1137	True
B4	ENSG00000049449,RCN1,ENST00000054950,ESPRESSO:chr11:293:13036	rs4876	chr11:32103432	392	True
B4	ENSG00000111711,GOLT1B,ENST00000535593,ESPRESSO:chr12:342:6110	rs1060126	chr12:21501897	51	True
B4	ENSG00000111615,KRR1,ENST00000229214,ESPRESSO:chr12:385:34486	rs2070162	chr12:75506808	27	True
B4	ENSG00000165355,FBXO33,ESPRESSO:chr14:402:25488,ESPRESSO:chr14:402:25490	rs3814860	chr14:39399442	345	True
B4	ENSG00000183648,NDUFB1,ENST00000553514,ESPRESSO:chr14:402:16813	rs3818263	chr14:92121658	17	True
B4	ENSG00000140511,HAPLN3,ENST00000562889,ESPRESSO:chr15:430:15447	rs3743395	chr15:88887275	70	True
B4	ENSG00000172183,ISG20,ESPRESSO:chr15:430:17071,ESPRESSO:chr15:430:18359	rs3200942	chr15:88639365	191	True
B4	ENSG00000169738,DCXR,ENST00000579334,ESPRESSO:chr17:491:30882	rs61739740	chr17:82036724	39	True
B4	ENSG00000093000,NUP50,ENST00000424634,ENST00000484186	rs132849	chr22:45164027	94	True
B4	ENSG00000130770,ATP5IF1,ENST00000335514,ENST00000497986	rs12154	chr1:28236165	197	True
B4	ENSG00000121716,PILRB,ENST00000609309,ESPRESSO:chr7:793:32807	rs11771799	chr7:100358813	124	True
B4	ENSG00000152795,HNRNPDL,ENST00000602300,ENST00000614627	rs79373393	chr4:82426113	16	True
B4	ENSG00000204525,HLA-C,ESPRESSO:chr6:744:16970,ESPRESSO:chr6:744:18309	rs193100294	chr6:31269122	132	True
B4	ENSG00000107438,PDLIM1,ENST00000329399,ENST00000492511	rs1049814	chr10:95238063	48	True
B8	ENSG00000156171,DRAM2,ENST00000484310,ENST00000539140	rs11002	chr1:111117918	1120	True
B8	ENSG00000156171,DRAM2,ENST00000539140,ESPRESSO:chr1:241:11185	rs11002	chr1:111117918	1120	True
B8	ENSG00000197329,PELI1,ENST00000358912,ENST00000494203	rs36107593	chr2:64144163	223	True
B8	ENSG00000197329,PELI1,ENST00000358912,ESPRESSO:chr2:571:18193	rs36107593	chr2:64144163	353	True
B8	ENSG00000198843,SELENOT,ENST00000471696,ENST00000477889	rs2272084	chr3:150627903	515	True
B8	ENSG00000179010,MRFAP1,ENST00000320912,ENST00000382581	rs12695	chr4:6642546	817	True
B8	ENSG00000171604,CXXC5,ENST00000302517,ENST00000511048	rs3756677	chr5:139680492	129	True
B8	ENSG00000234745,HLA-B,ENST00000412585,ESPRESSO:chr6:744:18323	rs2308655	chr6:31354526	33	True
B8	ENSG00000234745,HLA-B,ESPRESSO:chr6:744:13964,ESPRESSO:chr6:744:18323	rs2308655	chr6:31354526	33	True
B8	ENSG00000204525,HLA-C,ENST00000376228,ENST00000466892	rs193100294	chr6:31269122	51	True
B8	ENSG00000204525,HLA-C,ENST00000376228,ESPRESSO:chr6:744:17774	rs193100294	chr6:31269122	132	True
B8	ENSG00000204525,HLA-C,ENST00000376228,ENST00000487245	rs193100294	chr6:31269122	528	True
B8	ENSG00000204525,HLA-C,ENST00000376228,ESPRESSO:chr6:744:16971	rs193100294	chr6:31269122	132	True
B8	ENSG00000179344,HLA-DQB1,ENST00000399082,ENST00000434651	rs1140347	chr6:32660245	4	False
B8	ENSG00000179344,HLA-DQB1,ENST00000434651,ESPRESSO:chr6:744:8012	rs1130392	chr6:32664851	54	True
B8	ENSG00000179344,HLA-DQB1,ENST00000399079,ENST00000434651	rs1140347	chr6:32660245	4	False
B8	ENSG00000196735,HLA-DQA1,ENST00000343139,ESPRESSO:chr6:744:10921	rs2308890	chr6:32642231	22	True
B8	ENSG00000204257,HLA-DMA,ENST00000395305,ESPRESSO:chr6:744:17208	rs17214044	chr6:32949635	25	True
B8	ENSG00000137393,RNF144B,ENST00000486622,ESPRESSO:chr6:744:7255	rs2296198	chr6:18399519	180	True
B8	ENSG00000232956,SNHG15,ENST00000578968,ENST00000585030	rs13250	chr7:44986581	57	True
B8	ENSG00000232956,SNHG15,ENST00000579383,ENST00000668580	rs13250	chr7:44986581	134	True
B8	ENSG00000188921,HACD4,ESPRESSO:chr9:833:6086,ESPRESSO:chr9:833:6088	rs2298260	chr9:21029331	67	True
B8	ENSG00000131669,NINJ1,ENST00000375446,ENST00000489274	rs1127851	chr9:93121676	554	True
B8	ENSG00000131669,NINJ1,ENST00000489274,ESPRESSO:chr9:902:18037	rs1127851	chr9:93121676	554	True
B8	ENSG00000165233,CARD19,ENST00000468781,ESPRESSO:chr9:902:18033	rs12003264	chr9:93113165	174	True
B8	ENSG00000023191,RNH1,ENST00000356187,ENST00000397604	rs17584	chr11:499059	468	True
B8	ENSG00000023191,RNH1,ENST00000356187,ENST00000438658	rs17584	chr11:499059	468	True
B8	ENSG00000277791,PSMB3,ENST00000620309,ESPRESSO:chr17:491:27074	rs4907	chr17:38753246	196	True
B8	ENSG00000167850,CD300C,ESPRESSO:chr17:491:20142,ESPRESSO:chr17:491:21383	rs6501722	chr17:74537754	169	True
B8	ENSG00000105383,CD33,ENST00000262262,ENST00000421133	rs1803254	chr19:51239889	878	True
B8	ENSG00000196756,SNHG17,ENST00000456953,ENST00000654183	.	chr20:38431106	129	True
B8	ENSG00000087460,GNAS,ENST00000265620,ENST00000478585	rs7121	chr20:58903752	81	True
B8	ENSG00000087460,GNAS,ENST00000371095,ENST00000478585	rs7121	chr20:58903752	212	True
B8	ENSG00000116221,MRPL37,ENST00000360840,ENST00000605337	rs13571	chr1:54216247	97	True
B8	ENSG00000143110,C1orf162,ENST00000369718,ESPRESSO:chr1:241:6603	rs6703267	chr1:111476035	18	True
B8	ENSG00000009790,TRAF3IP3,ESPRESSO:chr1:245:35324,ESPRESSO:chr1:245:37591	rs669694	chr1:209777415	64	True
B8	ENSG00000143401,ANP32E,ENST00000532744,ESPRESSO:chr1:245:30640	rs77006810	chr1:150235763	31	True
B8	ENSG00000203705,TATDN3,ESPRESSO:chr1:245:34294,ESPRESSO:chr1:245:36228	rs61736926	chr1:212791942	318	True
B8	ENSG00000115091,ACTR3,ENST00000263238,ESPRESSO:chr2:590:8537	rs45500094	chr2:113957742	1004	True
B8	ENSG00000152256,PDK1,ESPRESSO:chr2:591:16571,ESPRESSO:chr2:591:17637	rs3769321	chr2:172567626	601	True
B8	ENSG00000168958,MFF,ESPRESSO:chr2:591:25509,ESPRESSO:chr2:591:30005	rs7562498	chr2:227325286	141	True
B8	ENSG00000154813,DPH3,ENST00000383775,ENST00000488423	rs552	chr3:16260452	377	True
B8	ENSG00000113811,SELENOK,ENST00000495461,ESPRESSO:chr3:672:14305	rs2276848	chr3:53891822	228	True
B8	ENSG00000168421,RHOH,ENST00000381799,ESPRESSO:chr4:709:2732	rs2276894	chr4:40197285	15	True
B8	ENSG00000168685,IL7R,ENST00000303115,ENST00000506850	rs1494555	chr5:35871088	294	True
B8	ENSG00000043462,LCP2,ESPRESSO:chr5:741:16478,ESPRESSO:chr5:741:32347	rs315731	chr5:170297763	293	True
B8	ENSG00000125347,IRF1,ESPRESSO:chr5:741:35759,ESPRESSO:chr5:741:35764	rs960757	chr5:132490618	493	True
B8	ENSG00000129625,REEP5,ESPRESSO:chr5:741:22250,ESPRESSO:chr5:741:30640	rs153556	chr5:112922211	139	True
B8	ENSG00000223865,HLA-DPB1,ENST00000418931,ESPRESSO:chr6:744:17913	rs1042331	chr6:33085173	224	True
B8	ENSG00000066379,POLR1H,ENST00000463141,ESPRESSO:chr6:744:16044	rs10745	chr6:30062280	212	True
B8	ENSG00000106605,BLVRA,ENST00000265523,ENST00000402924	rs7738	chr7:43807004	681	True
B8	ENSG00000079459,FDFT1,ENST00000220584,ESPRESSO:chr8:794:8990	rs1047643	chr8:11802853	78	True
B8	ENSG00000107036,RIC1,ESPRESSO:chr9:833:4295,ESPRESSO:chr9:833:4301	rs4471106	chr9:5629133	508	True
B8	ENSG00000107679,PLEKHA1,ESPRESSO:chr10:290:24363,ESPRESSO:chr10:290:24475	rs1045216	chr10:122429681	58	True
B8	ENSG00000185201,IFITM2,ENST00000533141,ENST00000679636	rs1059091	chr11:309127	115	True
B8	ENSG00000084207,GSTP1,ENST00000398603,ENST00000467591	rs4891	chr11:67586499	111	True
B8	ENSG00000291173,CASP4LP,ENST00000528437,ESPRESSO:chr11:317:26896	rs15684	chr11:104903456	205	True
B8	ENSG00000121350,PYROXD1,ESPRESSO:chr12:342:10769,ESPRESSO:chr12:342:11064	rs68030467	chr12:21457002	214	True
B8	ENSG00000130779,CLIP1,ESPRESSO:chr12:385:18406,ESPRESSO:chr12:385:36539	rs34292795	chr12:122380373	578	True
B8	ENSG00000110958,PTGES3,ENST00000414274,ENST00000614328	rs144657760	chr12:56664365	221	True
B8	ENSG00000277734,TRAC,ESPRESSO:chr14:402:17575,ESPRESSO:chr14:402:17583	rs56298757	chr14:22547516	11	True
B8	ENSG00000167004,PDIA3,ENST00000300289,ESPRESSO:chr15:430:29138	rs1053492	chr15:43769604	860	True
B8	ENSG00000041357,PSMA4,ENST00000044462,ESPRESSO:chr15:430:27393	rs3813571	chr15:78540450	158	True
B8	ENSG00000140474,ULK3,ENST00000561725,ENST00000570276	rs4886615	chr15:74839320	382	True
B8	ENSG00000103811,CTSH,ENST00000220166,ENST00000528436	rs1036938	chr15:78944905	15	True
B8	ENSG00000008517,IL32,ENST00000325568,ENST00000533097	rs140102091	chr16:3069325	565	True
B8	ENSG00000125445,MRPS7,ENST00000245539,ENST00000579002	rs4789161	chr17:75266212	743	True
B8	ENSG00000134440,NARS1,ESPRESSO:chr18:562:2557,ESPRESSO:chr18:562:3418	rs2276193	chr18:57602545	398	True
B8	ENSG00000141759,TXNL4A,ENST00000269601,ENST00000355491	rs11664946	chr18:79970825	332	True
B8	ENSG00000123146,ADGRE5,ENST00000592341,ESPRESSO:chr19:564:24352	rs7508244	chr19:14398152	91	True
B8	ENSG00000142396,ERVK3-1,ENST00000413518,ESPRESSO:chr19:568:18791	rs1133822	chr19:58306093	123	True
B8	ENSG00000104825,NFKBIB,ENST00000509705,ENST00000572515	rs3136642	chr19:38907776	801	True
B8	ENSG00000189042,ZNF567,ENST00000360729,ESPRESSO:chr19:568:20026	rs34642314	chr19:36718964	231	True
B8	ENSG00000088833,NSFL1C,ENST00000216879,ESPRESSO:chr20:593:5751	rs9575	chr20:1445748	664	True
B8	ENSG00000203896,LIME1,ENST00000480139,ESPRESSO:chr20:634:15115	rs1151625	chr20:63738644	364	True
B8	ENSG00000205581,HMGN1,ENST00000288344,ENST00000380749	rs3167757	chr21:39342552	736	True
B8	ENSG00000182670,TTC3,ESPRESSO:chr21:650:7869,ESPRESSO:chr21:650:8866	rs1053966	chr21:37195708	34	True
B8	ENSG00000100376,FAM118A,ENST00000441876,ESPRESSO:chr22:665:12980	rs9615108	chr22:45327973	90	True
B8	ENSG00000093000,NUP50,ENST00000484186,ENST00000497960	rs132849	chr22:45164027	94	True
B8	ENSG00000100225,FBXO7,ENST00000425028,ESPRESSO:chr22:665:19820	rs11107	chr22:32479203	526	True
B8	ENSG00000177410,ZFAS1,ENST00000371743,ENST00000441722	rs479474	chr20:49278660	247	True
B8	ENSG00000206503,HLA-A,ENST00000638375,ENST00000706900	rs1136700	chr6:29943309	42	True
B8	ENSG00000176978,DPP7,ENST00000460830,ENST00000483783	rs10747048	chr9:137111973	56	True
B8	ENSG00000105193,RPS16,ENST00000251453,ENST00000601655	rs17628	chr19:39435869	22	True
B9	ENSG00000288869,SMANTIS,ENST00000687837,ENST00000693376	rs6546548	chr2:69789890	36	True
B9	ENSG00000234745,HLA-B,ENST00000412585,ESPRESSO:chr6:744:13964	rs2308655	chr6:31354526	48	True
B9	ENSG00000234745,HLA-B,ENST00000412585,ESPRESSO:chr6:744:18323	rs2308655	chr6:31354526	33	True
B9	ENSG00000234745,HLA-B,ESPRESSO:chr6:744:13964,ESPRESSO:chr6:744:18319	rs41559314	chr6:31356690	3	True
B9	ENSG00000175061,SNHG29,ENST00000481898,ENST00000580180	rs9251	chr17:16441561	194	True
B9	ENSG00000175061,SNHG29,ENST00000475947,ENST00000660020	rs9251	chr17:16441561	320	True
B9	ENSG00000099622,CIRBP,ENST00000320936,ENST00000586636	rs12488	chr19:1272041	10	True
B9	ENSG00000020633,RUNX3,ESPRESSO:chr1:235:15653,ESPRESSO:chr1:235:15672	rs71514255	chr1:24929953	524	True
B9	ENSG00000130770,ATP5IF1,ENST00000335514,ENST00000497986	rs12154	chr1:28236165	197	True
B9	ENSG00000162511,LAPTM5,ENST00000294507,ESPRESSO:chr1:235:34105	rs35351292	chr1:30735195	418	True
B9	ENSG00000162511,LAPTM5,ENST00000294507,ESPRESSO:chr1:235:35214	rs35351292	chr1:30735195	495	True
B9	ENSG00000143119,CD53,ENST00000271324,ESPRESSO:chr1:241:9481	rs1803259	chr1:110899207	84	True
B9	ENSG00000143119,CD53,ENST00000271324,ESPRESSO:chr1:241:9884	rs1803259	chr1:110899207	84	True
B9	ENSG00000143110,C1orf162,ESPRESSO:chr1:241:6005,ESPRESSO:chr1:241:9513	rs6703267	chr1:111476035	18	True
B9	ENSG00000116221,MRPL37,ENST00000605337,ESPRESSO:chr1:235:34622	rs13571	chr1:54216247	97	True
B9	ENSG00000143337,TOR1AIP1,ENST00000528443,ESPRESSO:chr1:245:37485	rs609521	chr1:179907853	80	True
B9	ENSG00000115944,COX7A2L,ENST00000234301,ESPRESSO:chr2:571:10747	rs8162	chr2:42351009	482	True
B9	ENSG00000115944,COX7A2L,ENST00000234301,ENST00000464443	rs8162	chr2:42351009	482	True
B9	ENSG00000172116,CD8B,ENST00000331469,ENST00000390655	rs62146888	chr2:86861841	596	True
B9	ENSG00000144741,SLC25A26,ENST00000336733,ENST00000691166	rs3772197	chr3:66243264	62	True
B9	ENSG00000144741,SLC25A26,ENST00000336733,ENST00000687663	rs3772197	chr3:66243264	62	True
B9	ENSG00000144559,TAMM41,ENST00000417723,ENST00000494388	rs408600	chr3:11846517	16	True
B9	ENSG00000163950,SLBP,ENST00000488267,ENST00000489418	rs2247341	chr4:1699590	171	True
B9	ENSG00000168421,RHOH,ENST00000381799,ENST00000504638	rs2245466	chr4:40197226	56	True
B9	ENSG00000133398,MED10,ENST00000255764,ESPRESSO:chr5:738:5038	rs9451	chr5:6372472	232	True
B9	ENSG00000176018,LYSMD3,ENST00000453259,ESPRESSO:chr5:741:14851	rs10069050	chr5:90525167	133	True
B9	ENSG00000206503,HLA-A,ENST00000376809,ESPRESSO:chr6:744:18256	rs1136692	chr6:29943024	2	True
B9	ENSG00000204525,HLA-C,ESPRESSO:chr6:744:18307,ESPRESSO:chr6:744:18309	rs1049650	chr6:31269031	223	True
B9	ENSG00000204525,HLA-C,ESPRESSO:chr6:744:16971,ESPRESSO:chr6:744:18309	rs1049650	chr6:31269031	499	True
B9	ENSG00000204525,HLA-C,ENST00000487245,ESPRESSO:chr6:744:18309	rs1049650	chr6:31269031	223	True
B9	ENSG00000204525,HLA-C,ENST00000376228,ESPRESSO:chr6:744:18309	rs1049650	chr6:31269031	223	True
B9	ENSG00000223865,HLA-DPB1,ENST00000418931,ESPRESSO:chr6:744:17221	rs1042331	chr6:33085173	224	True
B9	ENSG00000223865,HLA-DPB1,ENST00000418931,ESPRESSO:chr6:744:17913	rs1042331	chr6:33085173	224	True
B9	ENSG00000198563,DDX39B,ESPRESSO:chr6:744:12957,ESPRESSO:chr6:744:19698	rs1129640	chr6:31538847	136	True
B9	ENSG00000066379,POLR1H,ENST00000359374,ESPRESSO:chr6:744:16044	rs10745	chr6:30062280	57	True
B9	ENSG00000066379,POLR1H,ENST00000463141,ESPRESSO:chr6:744:16044	rs10745	chr6:30062280	212	True
B9	ENSG00000179344,HLA-DQB1,ENST00000374943,ENST00000399079	rs1140347	chr6:32660245	4	False
B9	ENSG00000179344,HLA-DQB1,ENST00000374943,ENST00000399082	rs1140347	chr6:32660245	4	False
B9	ENSG00000106603,COA1,ESPRESSO:chr7:772:12966,ESPRESSO:chr7:772:9722	rs1044039	chr7:43639398	509	True
B9	ENSG00000211772,TRBC2,ESPRESSO:chr7:793:21706,ESPRESSO:chr7:793:21718	rs11327	chr7:142802725	735	True
B9	ENSG00000211772,TRBC2,ESPRESSO:chr7:793:21652,ESPRESSO:chr7:793:21718	rs11327	chr7:142802725	735	True
B9	ENSG00000211772,TRBC2,ENST00000466254,ESPRESSO:chr7:793:21718	rs11327	chr7:142802725	735	True
B9	ENSG00000165055,METTL2B,ENST00000262432,ENST00000480046	rs73232665	chr7:128498131	703	True
B9	ENSG00000120910,PPP3CC,ENST00000522000,ESPRESSO:chr8:794:4838	rs1049437	chr8:22441144	292	True
B9	ENSG00000079459,FDFT1,ENST00000525954,ESPRESSO:chr8:794:9263	rs8417	chr8:11809670	4	True
B9	ENSG00000245164,LINC00861,ENST00000689131,ESPRESSO:chr8:827:7595	rs16900994	chr8:125946052	130	True
B9	ENSG00000137038,DMAC1,ENST00000358227,ESPRESSO:chr9:833:3555	rs14059	chr9:7799606	146	True
B9	ENSG00000188921,HACD4,ENST00000495827,ESPRESSO:chr9:833:6086	rs2298260	chr9:21029331	67	True
B9	ENSG00000148291,SURF2,ESPRESSO:chr9:902:19202,ESPRESSO:chr9:902:19925	rs34939258	chr9:133361130	75	True
B9	ENSG00000157303,SUSD3,ESPRESSO:chr9:902:12262,ESPRESSO:chr9:902:14613	rs1131773	chr9:93077974	129	True
B9	ENSG00000067064,IDI1,ENST00000429642,ESPRESSO:chr10:249:9704	rs1285	chr10:1040176	1459	True
B9	ENSG00000095574,IKZF5,ENST00000368886,ESPRESSO:chr10:292:1413	rs2277250	chr10:123008776	234	True
B9	ENSG00000084207,GSTP1,ENST00000398606,ESPRESSO:chr11:317:26577	rs1695	chr11:67585218	276	True
B9	ENSG00000137500,CCDC90B,ENST00000529689,ESPRESSO:chr11:317:26790	rs8789	chr11:83261962	4	True
B9	ENSG00000121350,PYROXD1,ESPRESSO:chr12:342:10983,ESPRESSO:chr12:342:11064	rs7964568	chr12:21456973	243	True
B9	ENSG00000111229,ARPC3,ESPRESSO:chr12:385:31828,ESPRESSO:chr12:385:32955	rs41279102	chr12:110450290	282	True
B9	ENSG00000111229,ARPC3,ENST00000228825,ESPRESSO:chr12:385:32955	rs41279102	chr12:110450290	282	True
B9	ENSG00000277734,TRAC,ESPRESSO:chr14:402:17529,ESPRESSO:chr14:402:17533	rs15795	chr14:22551693	515	True
B9	ENSG00000100890,PRORP,ENST00000605870,ESPRESSO:chr14:402:21817	rs11156878	chr14:35266761	35	True
B9	ENSG00000100591,AHSA1,ENST00000216479,ESPRESSO:chr14:402:30569	rs1061629	chr14:77459668	221	True
B9	ENSG00000041357,PSMA4,ENST00000413382,ENST00000559082	rs8053	chr15:78548878	511	True
B9	ENSG00000290760,UBE2Q2P13,ENST00000558592,ENST00000560292	rs1052887	chr15:101737277	92	True
B9	ENSG00000128891,CCDC32,ENST00000358005,ENST00000416810	rs10152546	chr15:40563011	16	True
B9	ENSG00000140511,HAPLN3,ENST00000359595,ENST00000562889	rs3743395	chr15:88887275	70	True
B9	ENSG00000133393,CEP20,ENST00000255759,ENST00000575073	rs60244915	chr16:15867512	4	True
B9	ENSG00000170310,STX8,ESPRESSO:chr17:464:12514,ESPRESSO:chr17:464:8783	rs1133295	chr17:9568394	230	True
B9	ENSG00000108774,RAB5C,ENST00000346213,ESPRESSO:chr17:491:21839	rs2230326	chr17:42128273	107	True
B9	ENSG00000169738,DCXR,ENST00000306869,ESPRESSO:chr17:491:30882	rs61739740	chr17:82036724	194	True
B9	ENSG00000169738,DCXR,ENST00000579334,ESPRESSO:chr17:491:30882	rs61739740	chr17:82036724	39	True
B9	ENSG00000169738,DCXR,ENST00000580320,ESPRESSO:chr17:491:30882	rs61739740	chr17:82036724	194	True
B9	ENSG00000183684,ALYREF,ENST00000505490,ESPRESSO:chr17:491:30861	rs185825836	chr17:81887942	445	True
B9	ENSG00000228300,FAM174C,ENST00000409293,ENST00000469144	rs757292	chr19:1277276	94	True
B9	ENSG00000105669,COPE,ENST00000262812,ENST00000351079	rs3177137	chr19:18913044	162	True
B9	ENSG00000176531,PHLDB3,ENST00000599242,ESPRESSO:chr19:568:20295	rs2682547	chr19:43496905	503	True
B9	ENSG00000089327,FXYD5,ENST00000392219,ESPRESSO:chr19:568:22269	rs12110	chr19:35169605	40	True
B9	ENSG00000256683,ZNF350,ENST00000243644,ESPRESSO:chr19:568:19574	rs2278420	chr19:51968619	54	True
B9	ENSG00000177410,ZFAS1,ENST00000441722,ENST00000667889	rs6648	chr20:49278705	11	True
B9	ENSG00000101413,RPRD1B,ESPRESSO:chr20:634:15767,ESPRESSO:chr20:634:9883	rs2273353	chr20:38040472	92	True
B9	ENSG00000087460,GNAS,ENST00000265620,ENST00000478585	rs7121	chr20:58903752	81	True
B9	ENSG00000087460,GNAS,ENST00000371095,ENST00000478585	rs7121	chr20:58903752	212	True
B9	ENSG00000100138,SNU13,ENST00000215956,ENST00000401959	rs61736477	chr22:41675143	173	False
B9	ENSG00000100138,SNU13,ENST00000215956,ESPRESSO:chr22:665:11676	rs61736477	chr22:41675143	173	False
B9	ENSG00000093000,NUP50,ENST00000424634,ENST00000497960	rs132850	chr22:45164116	180	True
B9	ENSG00000015475,BID,ENST00000399765,ENST00000399767	rs11538	chr22:17738065	304	True
B9	ENSG00000272888,CHASERR,ENST00000556895,ESPRESSO:chr15:430:19594	rs7743	chr15:92898037	383	True
B9	ENSG00000130775,THEMIS2,ENST00000456990,ESPRESSO:chr1:235:30329	rs6564	chr1:27886464	755	True
B9	ENSG00000143870,PDIA6,ENST00000272227,ESPRESSO:chr2:571:26061	rs4807	chr2:10790777	517	True
B9	ENSG00000131389,SLC6A6,ENST00000621751,ESPRESSO:chr3:671:5406	rs2304511	chr3:14447862	656	True
B9	ENSG00000137393,RNF144B,ENST00000486622,ESPRESSO:chr6:744:7255	rs2296198	chr6:18399519	180	True
B9	ENSG00000291237,SOD2,ENST00000367055,ESPRESSO:chr6:771:19298	rs4880	chr6:159692840	297	True
B9	ENSG00000291237,SOD2,ENST00000367055,ENST00000538183	rs4880	chr6:159692840	477	True
B9	ENSG00000146731,CCT6A,ENST00000275603,ENST00000466479	rs12555	chr7:56063139	127	True
B9	ENSG00000104529,EEF1D,ENST00000395119,ENST00000528610	rs62522168	chr8:143597606	383	True
B9	ENSG00000136930,PSMB7,ENST00000259457,ESPRESSO:chr9:902:20961	rs4574	chr9:124414882	455	True
B9	ENSG00000089127,OAS1,ENST00000202917,ENST00000452357	rs1131454	chr12:112911065	400	True
B9	ENSG00000120690,ELF1,ESPRESSO:chr13:395:12296,ESPRESSO:chr13:395:16758	rs3764056	chr13:40943849	76	True
B9	ENSG00000120675,DNAJC15,ESPRESSO:chr13:395:11183,ESPRESSO:chr13:395:11194	rs12015	chr13:43023729	5	True
B9	ENSG00000197249,SERPINA1,ENST00000404814,ENST00000440909	rs8004738	chr14:94390577	121	True
B9	ENSG00000185215,TNFAIP2,ENST00000333007,ESPRESSO:chr14:402:28252	rs3759571	chr14:103123505	446	True
B9	ENSG00000130731,METTL26,ENST00000456420,ENST00000568077	rs34560623	chr16:634579	144	True
B9	ENSG00000157045,NTAN1,ENST00000566542,ESPRESSO:chr16:432:14919	rs14347	chr16:15040032	142	True
B9	ENSG00000141504,SAT2,ENST00000573566,ESPRESSO:chr17:464:10421	rs13894	chr17:7626584	71	True
B9	ENSG00000141504,SAT2,ENST00000573566,ESPRESSO:chr17:464:10993	rs13894	chr17:7626584	155	True
B9	ENSG00000161944,ASGR2,ENST00000691900,ESPRESSO:chr17:464:13007	rs11653054	chr17:7101608	646	True
B9	ENSG00000076944,STXBP2,ENST00000221283,ENST00000602355	rs6791	chr19:7647391	124	True
B9	ENSG00000124299,PEPD,ENST00000244137,ESPRESSO:chr19:568:10892	rs142070498	chr19:33387978	288	True
B9	ENSG00000142046,TMEM91,ENST00000392002,ESPRESSO:chr19:568:20253	rs1046909	chr19:41376807	436	True
B9	ENSG00000183527,PSMG1,ENST00000380900,ESPRESSO:chr21:650:6867	rs14194	chr21:39177540	31	True
B9	ENSG00000204592,HLA-E,ENST00000376630,ESPRESSO:chr6:744:16916	rs1264457	chr6:30490287	48	True
B9	ENSG00000070081,NUCB2,ENST00000531242,ESPRESSO:chr11:293:11236	rs757081	chr11:17330136	193	True
B9	ENSG00000157326,DHRS4,ENST00000313250,ENST00000397075	rs2273944	chr14:23953881	315	True
S11	ENSG00000206503,HLA-A,ENST00000376806,ENST00000376809	rs41545022	chr6:29945609	240	True
S11	ENSG00000234745,HLA-B,ENST00000412585,ESPRESSO:chr6:744:13964	rs2308655	chr6:31354526	48	True
S11	ENSG00000204525,HLA-C,ENST00000376228,ESPRESSO:chr6:744:18307	rs2074493	chr6:31271999	0	True
S11	ENSG00000176978,DPP7,ENST00000371579,ESPRESSO:chr9:902:22739	rs10747049	chr9:137114298	785	True
S11	ENSG00000132522,GPS2,ENST00000380728,ESPRESSO:chr17:464:13447	rs2270981	chr17:7313221	861	True
S11	ENSG00000132522,GPS2,ENST00000380728,ENST00000389167	rs2270981	chr17:7313221	700	True
S11	ENSG00000162601,MYSM1,ENST00000472487,ENST00000697261	rs579110	chr1:58677041	298	True
S11	ENSG00000009790,TRAF3IP3,ESPRESSO:chr1:245:35324,ESPRESSO:chr1:245:37589	rs17015183	chr1:209775366	460	True
S11	ENSG00000084093,REST,ENST00000309042,ESPRESSO:chr4:734:15881	rs3796529	chr4:56931248	1378	True
S11	ENSG00000188186,LAMTOR4,ENST00000468582,ESPRESSO:chr7:793:30386	rs12878	chr7:100149507	72	True
S11	ENSG00000175567,UCP2,ENST00000539330,ENST00000663595	rs45560234	chr11:73982793	73	True
S11	ENSG00000167272,POP5,ENST00000341039,ENST00000357500	rs7174	chr12:120579368	128	True
S11	ENSG00000157326,DHRS4,ENST00000313250,ENST00000397075	rs2273944	chr14:23953881	315	True
S11	ENSG00000242372,EIF6,ENST00000374450,ENST00000447927	rs7004	chr20:35278950	615	True
S11	ENSG00000242372,EIF6,ENST00000447927,ESPRESSO:chr20:634:14113	rs7004	chr20:35278950	615	True
S11	ENSG00000087460,GNAS,ENST00000371095,ENST00000478585	rs7121	chr20:58903752	212	True
S11	ENSG00000087460,GNAS,ENST00000265620,ENST00000478585	rs7121	chr20:58903752	81	True
S11	ENSG00000087460,GNAS,ENST00000478585,ESPRESSO:chr20:634:13132	rs7121	chr20:58903752	81	True
S11	ENSG00000087460,GNAS,ENST00000478585,ESPRESSO:chr20:634:13082	rs7121	chr20:58903752	81	True
S11	ENSG00000137959,IFI44L,ENST00000370751,ENST00000680295	rs1981071	chr1:78637041	163	True
S11	ENSG00000072694,FCGR2B,ENST00000236937,ENST00000358671	rs844	chr1:161677743	306	True
S11	ENSG00000237651,C2orf74,ENST00000426997,ESPRESSO:chr2:571:22925	rs3213944	chr2:61145163	33	True
S11	ENSG00000109743,BST1,ENST00000265016,ESPRESSO:chr4:707:5337	rs2302463	chr4:15711823	383	True
S11	ENSG00000179344,HLA-DQB1,ENST00000399079,ESPRESSO:chr6:744:8012	.	chr6:32664850	53	False
S11	ENSG00000179344,HLA-DQB1,ENST00000399079,ESPRESSO:chr6:744:19605	rs1049061	chr6:32666526	28	True
S11	ENSG00000196735,HLA-DQA1,ENST00000343139,ENST00000395363	rs1130116	chr6:32642758	26	True
S11	ENSG00000118515,SGK1,ENST00000528577,ESPRESSO:chr6:771:21630	rs55957552	chr6:134173343	271	True
S11	ENSG00000106565,TMEM176B,ENST00000326442,ENST00000447204	rs3173833	chr7:150793996	284	True
S11	ENSG00000107551,RASSF4,ESPRESSO:chr10:290:17206,ESPRESSO:chr10:290:17558	rs870957	chr10:44982644	19	True
S11	ENSG00000111666,CHPT1,ENST00000229266,ESPRESSO:chr12:385:33807	rs3205421	chr12:101714567	580	True
S11	ENSG00000133983,COX16,ENST00000389912,ESPRESSO:chr14:402:18528	rs4749	chr14:70326287	297	True
S11	ENSG00000140379,BCL2A1,ENST00000267953,ENST00000335661	rs1138358	chr15:79971003	304	True
S11	ENSG00000041357,PSMA4,ENST00000413382,ENST00000558281	rs3813570	chr15:78540490	118	True
S11	ENSG00000007376,RPUSD1,ENST00000007264,ENST00000567114	rs2272898	chr16:787116	187	True
S11	ENSG00000136732,GYPC,ENST00000259254,ENST00000409836	rs1050967	chr2:126696088	227	True
S1	ENSG00000157978,LDLRAP1,ENST00000374338,ESPRESSO:chr1:235:36776	rs28969504	chr1:25563698	128	True
S1	ENSG00000162645,GBP2,ENST00000370466,ESPRESSO:chr1:241:8220	rs2230338	chr1:89114258	38	True
S1	ENSG00000168038,ULK4,ENST00000414606,ENST00000460978	rs2272007	chr3:41954644	23	True
S1	ENSG00000168685,IL7R,ENST00000303115,ESPRESSO:chr5:738:5887	rs2228141	chr5:35871171	211	True
S1	ENSG00000184584,STING1,ENST00000651699,ESPRESSO:chr5:741:33235	rs78233829	chr5:139478340	71	True
S1	ENSG00000184584,STING1,ENST00000330794,ENST00000652110	rs78233829	chr5:139478340	71	True
S1	ENSG00000206503,HLA-A,ENST00000376809,ESPRESSO:chr6:744:13506	rs9260155	chr6:29943462	465	True
S1	ENSG00000234745,HLA-B,ENST00000412585,ESPRESSO:chr6:744:13964	rs2308655	chr6:31354526	48	True
S1	ENSG00000198563,DDX39B,ENST00000396172,ENST00000458640	rs2523506	chr6:31542190	54	True
S1	ENSG00000211772,TRBC2,ESPRESSO:chr7:793:21652,ESPRESSO:chr7:793:21718	rs11327	chr7:142802725	735	True
S1	ENSG00000188921,HACD4,ESPRESSO:chr9:833:6086,ESPRESSO:chr9:833:6758	rs2298260	chr9:21029331	67	True
S1	ENSG00000188921,HACD4,ESPRESSO:chr9:833:6086,ESPRESSO:chr9:833:6445	rs2298260	chr9:21029331	67	True
S1	ENSG00000122707,RECK,ENST00000479053,ESPRESSO:chr9:833:8301	rs143148105	chr9:36036936	330	False
S1	ENSG00000187049,TMEM216,ENST00000334888,ENST00000515837	rs3741265	chr11:61397808	167	True
S1	ENSG00000187049,TMEM216,ENST00000334888,ENST00000398979	rs3741265	chr11:61397808	167	True
S1	ENSG00000150991,UBC,ENST00000339647,ESPRESSO:chr12:385:16146	rs8397	chr12:124914604	18	True
S1	ENSG00000277734,TRAC,ESPRESSO:chr14:402:17536,ESPRESSO:chr14:402:17599	rs17461	chr14:22551762	584	True
S1	ENSG00000277734,TRAC,ESPRESSO:chr14:402:17547,ESPRESSO:chr14:402:19487	rs17461	chr14:22551762	584	True
S1	ENSG00000125458,NT5C,ENST00000245552,ENST00000579023	rs4788867	chr17:75131588	55	True
S1	ENSG00000134779,TPGS2,ENST00000334295,ENST00000614939	rs1045781	chr18:36818951	550	True
S1	ENSG00000196756,SNHG17,ENST00000456953,ENST00000662982	.	chr20:38431106	129	True
S1	ENSG00000196756,SNHG17,ENST00000662982,ENST00000663540	.	chr20:38431106	151	True
S1	ENSG00000087460,GNAS,ENST00000371095,ENST00000478585	rs7121	chr20:58903752	212	True
S1	ENSG00000087460,GNAS,ENST00000265620,ENST00000478585	rs7121	chr20:58903752	81	True
S1	ENSG00000177674,AGTRAP,ENST00000376629,ENST00000400895	rs8617	chr1:11750448	240	True
S1	ENSG00000143774,GUK1,ENST00000366730,ENST00000453943	rs1803695	chr1:228147424	272	True
S1	ENSG00000204257,HLA-DMA,ENST00000374843,ESPRESSO:chr6:744:17208	rs10679	chr6:32948778	90	True
S1	ENSG00000002822,MAD1L1,ESPRESSO:chr7:772:10382,ESPRESSO:chr7:772:12208	rs1801368	chr7:1936821	76	True
S1	ENSG00000135218,CD36,ENST00000394788,ENST00000447544	rs1049654	chr7:80646139	1385	True
S1	ENSG00000233016,SNHG7,ENST00000663097,ESPRESSO:chr9:902:18552	rs6866	chr9:136724914	196	True
S1	ENSG00000214063,TSPAN4,ENST00000397397,ENST00000397408	rs10492	chr11:866920	1124	True
S1	ENSG00000067182,TNFRSF1A,ENST00000538363,ENST00000698340	rs767455	chr12:6341779	4	True
S1	ENSG00000197249,SERPINA1,ENST00000440909,ENST00000449399	rs56367058	chr14:94390547	91	True
S1	ENSG00000185215,TNFAIP2,ENST00000333007,ESPRESSO:chr14:402:28252	rs3759571	chr14:103123505	446	True
S1	ENSG00000204237,OXLD1,ENST00000374741,ENST00000573786	rs1128812	chr17:81665333	251	True
S1	ENSG00000099622,CIRBP,ENST00000586636,ENST00000593048	rs12488	chr19:1272041	10	True
S1	ENSG00000228300,FAM174C,ENST00000409293,ENST00000469144	rs757292	chr19:1277276	94	True
S1	ENSG00000101307,SIRPB1,ENST00000262929,ENST00000569629	rs2243603	chr20:1566265	2	True
S1	ENSG00000177410,ZFAS1,ENST00000371743,ENST00000441722	rs80318192	chr20:49279165	129	True
S1	ENSG00000204525,HLA-C,ENST00000376228,ESPRESSO:chr6:744:18309	rs1050326	chr6:31270370	161	False
S1	ENSG00000204525,HLA-C,ENST00000376228,ENST00000487245	rs1050326	chr6:31270370	115	False
S1	ENSG00000172590,MRPL52,ENST00000355151,ENST00000397496	rs1135641	chr14:22829926	14	True
S1	ENSG00000266472,MRPS21,ENST00000581066,ENST00000614145	.	chr1:150308112	65	True
S1	ENSG00000176623,RMDN1,ENST00000406452,ESPRESSO:chr8:827:9228	rs11539113	chr8:86484947	385	True
S1	ENSG00000175061,SNHG29,ENST00000580180,ENST00000660020	rs9251	chr17:16441561	194	True
S5	ENSG00000234745,HLA-B,ENST00000412585,ESPRESSO:chr6:744:13964	rs2308655	chr6:31354526	48	True
S5	ENSG00000234745,HLA-B,ENST00000412585,ESPRESSO:chr6:744:18321	rs2308655	chr6:31354526	33	True
S5	ENSG00000182183,SHISAL2A,ESPRESSO:chr1:235:19747,ESPRESSO:chr1:235:32084	rs114150764	chr1:52633219	456	True
S5	ENSG00000198771,RCSD1,ENST00000367854,ENST00000537350	rs3738221	chr1:167630346	185	True
S5	ENSG00000196683,TOMM7,ENST00000358435,ESPRESSO:chr7:772:7476	rs2270105	chr7:22822848	220	True
S5	ENSG00000146701,MDH2,ENST00000315758,ENST00000461263	rs10231092	chr7:76048112	114	True
S5	ENSG00000165119,HNRNPK,ENST00000376263,ENST00000704011	rs696825	chr9:83968161	2524	True
S5	ENSG00000130640,TUBGCP2,ENST00000480198,ENST00000683031	rs3008357	chr10:133309003	26	True
S5	ENSG00000023191,RNH1,ENST00000438658,ESPRESSO:chr11:293:15484	rs17584	chr11:499059	588	True
S5	ENSG00000023191,RNH1,ENST00000356187,ESPRESSO:chr11:293:15183	rs17584	chr11:499059	468	True
S5	ENSG00000069493,CLEC2D,ENST00000261339,ENST00000261340	rs16914640	chr12:9669791	4	True
S5	ENSG00000069493,CLEC2D,ENST00000290855,ESPRESSO:chr12:342:9263	rs16914640	chr12:9669791	4	True
S5	ENSG00000111711,GOLT1B,ENST00000535593,ENST00000631252	rs1060126	chr12:21501897	51	True
S5	ENSG00000186184,POLR1D,ENST00000302979,ENST00000399697	rs2232676	chr13:27621835	118	True
S5	ENSG00000133983,COX16,ENST00000389912,ESPRESSO:chr14:402:18528	rs4749	chr14:70326287	297	True
S5	ENSG00000165929,TC2N,ENST00000435962,ENST00000555302	rs3825687	chr14:91867267	6	True
S5	ENSG00000172183,ISG20,ESPRESSO:chr15:430:18359,ESPRESSO:chr15:430:24953	rs3200942	chr15:88639365	23	True
S5	ENSG00000172183,ISG20,ESPRESSO:chr15:430:18359,ESPRESSO:chr15:430:26713	rs3200942	chr15:88639365	23	True
S5	ENSG00000217930,PAM16,ENST00000573614,ESPRESSO:chr16:432:13228	rs11989	chr16:4340357	114	True
S5	ENSG00000291214,ENSG00000291214,ESPRESSO:chr17:491:21327,ESPRESSO:chr17:491:27741	rs1964244	chr17:68125666	277	True
S5	ENSG00000214087,ARL16,ENST00000571082,ESPRESSO:chr17:491:30069	rs8076090	chr17:81681497	382	True
S5	ENSG00000177410,ZFAS1,ENST00000441722,ENST00000667889	rs6648	chr20:49278705	11	True
S5	ENSG00000087460,GNAS,ENST00000478585,ESPRESSO:chr20:634:13082	rs7121	chr20:58903752	81	True
S5	ENSG00000087460,GNAS,ENST00000265620,ENST00000478585	rs7121	chr20:58903752	81	True
S5	ENSG00000087460,GNAS,ENST00000371095,ENST00000478585	rs7121	chr20:58903752	212	True
S5	ENSG00000101191,DIDO1,ENST00000370368,ESPRESSO:chr20:634:17077	rs11544691	chr20:62914399	7	True
S5	ENSG00000015475,BID,ENST00000399765,ENST00000399767	rs2305001	chr22:17735444	500	True
S5	ENSG00000197989,SNHG12,ENST00000648127,ESPRESSO:chr1:235:32845	rs12074935	chr1:28581801	331	True
S5	ENSG00000277734,TRAC,ESPRESSO:chr14:402:17562,ESPRESSO:chr14:402:17599	.	chr14:22552096	918	True
S5	ENSG00000170889,RPS9,ENST00000302907,ESPRESSO:chr19:568:21523	rs4838	chr19:54207461	64	True
S5	ENSG00000189068,VSTM1,ENST00000338372,ENST00000447872	rs34886038	chr19:54040838	318	True
S5	ENSG00000143110,C1orf162,ESPRESSO:chr1:241:6601,ESPRESSO:chr1:241:6603	rs6703267	chr1:111476035	94	True
S5	ENSG00000196735,HLA-DQA1,ENST00000343139,ENST00000374949	rs2308890	chr6:32642231	22	True
S7	ENSG00000117410,ATP6V0B,ENST00000236067,ENST00000472174	rs2286241	chr1:43975097	10	True
S7	ENSG00000117410,ATP6V0B,ENST00000472174,ESPRESSO:chr1:235:26018	rs2286241	chr1:43975097	60	True
S7	ENSG00000239636,TFAP2E-AS1,ENST00000444348,ESPRESSO:chr1:235:16366	rs74543439	chr1:35574553	91	True
S7	ENSG00000115523,GNLY,ENST00000263863,ESPRESSO:chr2:571:22360	rs7908	chr2:85698633	70	True
S7	ENSG00000206503,HLA-A,ENST00000706900,ESPRESSO:chr6:744:7622	rs14288	chr6:29945265	32	True
S7	ENSG00000206503,HLA-A,ESPRESSO:chr6:744:19715,ESPRESSO:chr6:744:7622	rs14288	chr6:29945265	32	True
S7	ENSG00000206503,HLA-A,ENST00000376809,ESPRESSO:chr6:744:7622	rs14288	chr6:29945265	32	True
S7	ENSG00000234745,HLA-B,ENST00000412585,ESPRESSO:chr6:744:13964	rs2770	chr6:31354030	86	True
S7	ENSG00000204525,HLA-C,ENST00000376228,ENST00000383329	rs34794906	chr6:31270081	116	True
S7	ENSG00000143110,C1orf162,ENST00000343534,ENST00000369718	rs6703267	chr1:111476035	195	True
S7	ENSG00000156171,DRAM2,ENST00000539140,ESPRESSO:chr1:241:11185	rs11002	chr1:111117918	1120	True
S7	ENSG00000156171,DRAM2,ENST00000484310,ENST00000539140	rs11002	chr1:111117918	1120	True
S7	ENSG00000118640,VAMP8,ENST00000263864,ESPRESSO:chr2:571:11841	rs3731828	chr2:85579143	24	True
S7	ENSG00000152291,TGOLN2,ENST00000377386,ESPRESSO:chr2:571:13722	rs1044973	chr2:85326661	238	True
S7	ENSG00000136717,BIN1,ESPRESSO:chr2:590:8656,ESPRESSO:chr2:590:8739	rs1060743	chr2:127068957	424	True
S7	ENSG00000152256,PDK1,ESPRESSO:chr2:591:16571,ESPRESSO:chr2:591:17637	rs3769321	chr2:172567626	601	True
S7	ENSG00000172340,SUCLG2,ENST00000307227,ESPRESSO:chr3:672:16911	rs1065399	chr3:67375701	422	True
S7	ENSG00000169714,CNBP,ENST00000502976,ENST00000504813	rs4303883	chr3:129171507	1	True
S7	ENSG00000203875,SNHG5,ENST00000654795,ENST00000663073	rs1059307	chr6:85678170	19	True
S7	ENSG00000203875,SNHG5,ENST00000654795,ENST00000658077	rs1059307	chr6:85678170	19	True
S7	ENSG00000198818,SFT2D1,ENST00000478705,ESPRESSO:chr6:771:15313	rs7088	chr6:166322874	13	True
S7	ENSG00000146285,SCML4,ENST00000476798,ESPRESSO:chr6:771:17635	rs3734757	chr6:107732015	42	True
S7	ENSG00000188186,LAMTOR4,ENST00000468582,ESPRESSO:chr7:793:30386	rs12878	chr7:100149507	72	True
S7	ENSG00000122707,RECK,ENST00000479053,ESPRESSO:chr9:833:6878	rs16932906	chr9:36085310	45	True
S7	ENSG00000157303,SUSD3,ENST00000465709,ESPRESSO:chr9:902:12262	rs1131773	chr9:93077974	129	True
S7	ENSG00000157303,SUSD3,ESPRESSO:chr9:902:12262,ESPRESSO:chr9:902:14612	rs1131768	chr9:93075788	217	True
S7	ENSG00000069493,CLEC2D,ESPRESSO:chr12:342:7262,ESPRESSO:chr12:342:9263	rs16914640	chr12:9669791	4	True
S7	ENSG00000069493,CLEC2D,ENST00000261339,ESPRESSO:chr12:342:7262	rs16914640	chr12:9669791	4	True
S7	ENSG00000111666,CHPT1,ENST00000229266,ESPRESSO:chr12:385:33807	rs3205421	chr12:101714567	580	True
S7	ENSG00000165929,TC2N,ENST00000435962,ENST00000555302	rs3825687	chr14:91867267	6	True
S7	ENSG00000172183,ISG20,ENST00000306072,ESPRESSO:chr15:430:25873	rs3200942	chr15:88639365	23	True
S7	ENSG00000172183,ISG20,ESPRESSO:chr15:430:17071,ESPRESSO:chr15:430:25873	rs3200942	chr15:88639365	23	True
S7	ENSG00000172183,ISG20,ENST00000306072,ESPRESSO:chr15:430:24959	rs3200942	chr15:88639365	23	True
S7	ENSG00000167515,TRAPPC2L,ENST00000301021,ENST00000565205	rs71395334	chr16:88859681	19	True
S7	ENSG00000141627,DYM,ENST00000584977,ESPRESSO:chr18:562:1628	rs28364579	chr18:49460653	502	True
S7	ENSG00000167664,TMIGD2,ENST00000595645,ESPRESSO:chr19:564:22080	rs58237134	chr19:4294626	96	True
S7	ENSG00000180448,ARHGAP45,ENST00000586378,ENST00000592297	rs3761028	chr19:1085967	628	True
S7	ENSG00000087460,GNAS,ENST00000371095,ENST00000480975	rs7121	chr20:58903752	136	True
S7	ENSG00000087460,GNAS,ENST00000371095,ENST00000478585	rs7121	chr20:58903752	212	True
S7	ENSG00000128340,RAC2,ENST00000249071,ENST00000481215	rs6572	chr22:37225405	368	True
S7	ENSG00000143774,GUK1,ENST00000453943,ESPRESSO:chr1:245:36313	rs1803695	chr1:228147424	97	True
S7	ENSG00000168894,RNF181,ENST00000443647,ESPRESSO:chr2:571:21454	rs6643	chr2:85597128	25	True
S7	ENSG00000121895,TMEM156,ENST00000495029,ESPRESSO:chr4:709:2648	rs2254075	chr4:39028563	34	True
S7	ENSG00000113621,TXNDC15,ENST00000358387,ENST00000507024	rs3733897	chr5:134887903	209	True
S7	ENSG00000137575,SDCBP,ENST00000260130,ENST00000447182	rs3739326	chr8:58582153	1067	True
S7	ENSG00000165233,CARD19,ENST00000375464,ESPRESSO:chr9:902:18770	rs2298242	chr9:93113274	355	True
S7	ENSG00000290770,MFSD14CP,ESPRESSO:chr9:902:10901,ESPRESSO:chr9:902:12407	rs10979813	chr9:96948942	803	True
S7	ENSG00000023191,RNH1,ENST00000356187,ENST00000397604	rs17584	chr11:499059	589	True
S7	ENSG00000023191,RNH1,ENST00000397604,ESPRESSO:chr11:293:15184	rs17584	chr11:499059	589	True
S7	ENSG00000251661,ENSG00000251661,ENST00000602429,ESPRESSO:chr11:293:5754	rs6598043	chr11:324630	56	True
S7	ENSG00000123395,ATG101,ENST00000553049,ESPRESSO:chr12:385:28623	rs11521	chr12:52077375	777	True
S7	ENSG00000184967,NOC4L,ENST00000538784,ESPRESSO:chr12:385:34106	rs200662326	chr12:132151610	238	True
S7	ENSG00000183648,NDUFB1,ESPRESSO:chr14:402:16813,ESPRESSO:chr14:402:16819	rs3818263	chr14:92121658	17	True
S7	ENSG00000074071,MRPS34,ENST00000177742,ENST00000569585	rs2269123	chr16:1772158	263	True
S7	ENSG00000214941,ZSWIM7,ENST00000399277,ENST00000472495	rs11654	chr17:15977837	77	True
S7	ENSG00000214087,ARL16,ENST00000571082,ENST00000622299	rs8076090	chr17:81681497	499	True
S7	ENSG00000089327,FXYD5,ENST00000392219,ESPRESSO:chr19:568:22272	rs12110	chr19:35169605	235	True
S7	ENSG00000163644,PPM1K,ENST00000608933,ESPRESSO:chr4:734:12017	rs74962708	chr4:88284508	103	True
S7	ENSG00000138801,PAPSS1,ENST00000265174,ESPRESSO:chr4:734:11229	rs1127006	chr4:107720161	651	True
S7	ENSG00000153064,BANK1,ENST00000322953,ESPRESSO:chr4:734:12915	rs3733197	chr4:101918130	59	True
S7	ENSG00000170345,FOS,ENST00000555242,ENST00000555686	rs1046117	chr14:75279987	111	True
S7	ENSG00000076944,STXBP2,ENST00000221283,ENST00000602355	rs6791	chr19:7647391	220	True
S7	ENSG00000113811,SELENOK,ENST00000495461,ESPRESSO:chr3:672:14305	rs2276848	chr3:53891822	228	True
S7	ENSG00000275302,CCL4,ENST00000615863,ENST00000621626	rs1049807	chr17:36105270	46	True
S7	ENSG00000184076,UQCR10,ENST00000330029,ENST00000401406	rs76013375	chr22:29767537	12	True
S7	ENSG00000104763,ASAH1,ENST00000637561,ESPRESSO:chr8:794:6366	rs1071645	chr8:18071302	88	True
S7	ENSG00000089127,OAS1,ENST00000202917,ENST00000452357	rs1131476	chr12:112919404	16	True
S7	ENSG00000099785,MARCHF2,ENST00000215555,ESPRESSO:chr19:564:24074	rs890849	chr19:8413366	54	True
